Segundo trimestre de 2004;Buenos Aires;15.9;48.6;5.1;40.9;10.8
Cuarto trimestre de 2003;Buenos Aires;15.6;47.5;5.6;40.1;11.8
Tercer trimestre de 2010;Buenos Aires;8.2;48.6;3.4;44.6;6.0
Segundo trimestre de 2006;Buenos Aires;11.3;49.3;4.7;43.7;8.3
Segundo trimestre de 2005;Buenos Aires;13.4;47.8;4.4;41.4;9.6
Segundo trimestre de 2003 (1);Buenos Aires;18.7;47.8;6.2;38.9;12.4
Primer trimestre de 2007;Buenos Aires;11.0;48.8;3.4;43.4;6.8
Primer trimestre de 2011;Buenos Aires;7.9;47.8;3.1;44.0;6.0
Tercer trimestre de 2005;Buenos Aires;12.0;48.8;5.0;42.9;9.3
Primer trimestre de 2008;Buenos Aires;9.0;48.1;2.9;43.8;6.1
Tercer trimestre de 2008;Buenos Aires;8.5;48.0;3.4;43.9;6.4
Primer trimestre de 2012;Buenos Aires;7.5;47.2;3.3;43.6;5.3
Segundo trimestre de 2009;Buenos Aires;8.9;48.2;3.8;43.9;7.8
Tercer trimestre de 2004;Buenos Aires;14.1;48.7;5.8;41.8;11.0
Cuarto trimestre de 2012;Buenos Aires;7.7;48.9;3.5;45.1;6.9
Primer trimestre de 2010;Buenos Aires;8.4;48.3;3.2;44.3;6.6
Tercer trimestre de 2009;Buenos Aires;9.8;48.7;4.1;43.9;7.7
Primer trimestre de 2004;Buenos Aires;14.6;47.1;6.5;40.2;11.2
Primer trimestre de 2003;Buenos Aires;21.7;47.6;6.4;37.3;12.7
Tercer trimestre de 2006 (2);Buenos Aires;11.3;48.6;4.4;43.1;7.7
Segundo trimestre de 2007;Buenos Aires;8.9;48.9;3.6;44.5;7.7
Tercer trimestre de 2007;Buenos Aires;NA;NA;NA;NA;NA
Segundo trimestre de 2010;Buenos Aires;8.1;48.6;4.1;44.6;6.7
Primer trimestre de 2005;Buenos Aires;14.5;47.4;4.6;40.6;9.0
Cuarto trimestre de 2005;Buenos Aires;11.0;48.3;4.3;42.9;8.7
Segundo trimestre de 2008;Buenos Aires;8.4;47.8;2.7;43.8;6.1
Cuarto trimestre de 2004;Buenos Aires;13.0;48.3;5.7;42.0;10.1
Cuarto trimestre de 2006 (2);Buenos Aires;9.8;48.3;3.9;43.6;8.3
Cuarto trimestre de 2007;Buenos Aires;7.7;47.5;3.8;43.8;6.1
Cuarto trimestre de 2009;Buenos Aires;9.1;49.0;4.3;44.6;7.3
Cuarto trimestre de 2011;Buenos Aires;7.7;48.5;3.7;44.8;6.3
Segundo trimestre de 2011;Buenos Aires;7.9;49.1;3.4;45.2;5.7
Tercer trimestre de 2012;Buenos Aires;8.4;49.6;3.1;45.4;6.8
Tercer trimestre de 2011;Buenos Aires;7.8;49.1;3.4;45.3;6.1
Cuarto trimestre de 2008;Buenos Aires;7.7;48.2;4.0;44.5;6.3
Primer trimestre de 2013;Buenos Aires;8.9;47.6;3.3;43.4;5.7
Tercer trimestre de 2003;Buenos Aires;17.7;48.2;5.5;39.7;12.3
Cuarto trimestre de 2010;Buenos Aires;8.0;48.3;3.5;44.4;5.5
Segundo trimestre de 2012;Buenos Aires;7.7;47.8;3.5;44.2;7.7
Primer trimestre de 2006;Buenos Aires;12.5;48.8;4.0;42.7;8.3
Primer trimestre de 2009;Buenos Aires;8.4;48.6;3.8;44.5;6.1
Segundo trimestre de 2004;Ciudad de Buenos Aires;11.9;56.2;5.7;49.5;6.0
Cuarto trimestre de 2003;Ciudad de Buenos Aires;11.3;53.5;5.8;47.4;7.1
Tercer trimestre de 2010;Ciudad de Buenos Aires;5.5;53.9;2.6;50.9;3.2
Segundo trimestre de 2006;Ciudad de Buenos Aires;9.0;54.7;5.0;49.8;5.7
Segundo trimestre de 2005;Ciudad de Buenos Aires;9.6;55.6;2.8;50.3;6.3
Segundo trimestre de 2003 (1);Ciudad de Buenos Aires;13.1;53.5;6.0;46.5;7.4
Primer trimestre de 2007;Ciudad de Buenos Aires;8.7;54.5;2.4;49.8;4.9
Primer trimestre de 2011;Ciudad de Buenos Aires;6.4;54.9;2.1;51.4;3.9
Tercer trimestre de 2005;Ciudad de Buenos Aires;7.7;54.7;3.8;50.5;5.0
Primer trimestre de 2008;Ciudad de Buenos Aires;6.6;55.2;2.1;51.5;4.0
Tercer trimestre de 2008;Ciudad de Buenos Aires;5.3;53.7;3.3;50.8;4.0
Primer trimestre de 2012;Ciudad de Buenos Aires;4.1;52.3;2.3;50.1;3.8
Segundo trimestre de 2009;Ciudad de Buenos Aires;5.8;54.1;4.0;50.9;4.7
Tercer trimestre de 2004;Ciudad de Buenos Aires;9.7;53.0;5.7;47.9;6.8
Cuarto trimestre de 2012;Ciudad de Buenos Aires;7.4;53.9;3.4;49.9;4.2
Primer trimestre de 2010;Ciudad de Buenos Aires;7.2;53.8;2.0;50.0;5.3
Tercer trimestre de 2009;Ciudad de Buenos Aires;7.7;53.2;3.3;49.1;2.9
Primer trimestre de 2004;Ciudad de Buenos Aires;12.1;52.8;5.3;46.5;7.0
Primer trimestre de 2003;Ciudad de Buenos Aires;17.4;51.3;5.2;42.4;5.6
Tercer trimestre de 2006 (2);Ciudad de Buenos Aires;9.2;55.2;4.2;50.1;5.3
Segundo trimestre de 2007;Ciudad de Buenos Aires;6.4;55.5;3.4;52.0;4.9
Tercer trimestre de 2007;Ciudad de Buenos Aires;NA;NA;NA;NA;NA
Segundo trimestre de 2010;Ciudad de Buenos Aires;5.6;55.0;4.4;51.9;4.5
Primer trimestre de 2005;Ciudad de Buenos Aires;11.6;53.2;4.5;47.1;5.2
Cuarto trimestre de 2005;Ciudad de Buenos Aires;8.0;54.4;3.9;50.1;5.5
Segundo trimestre de 2008;Ciudad de Buenos Aires;5.5;53.7;2.0;50.7;5.2
Cuarto trimestre de 2004;Ciudad de Buenos Aires;7.6;52.5;5.7;48.5;6.5
Cuarto trimestre de 2006 (2);Ciudad de Buenos Aires;6.6;53.2;3.1;49.7;5.6
Cuarto trimestre de 2007;Ciudad de Buenos Aires;6.1;55.1;3.5;51.7;4.2
Cuarto trimestre de 2009;Ciudad de Buenos Aires;6.0;54.1;2.9;50.8;5.3
Cuarto trimestre de 2011;Ciudad de Buenos Aires;5.8;53.8;3.2;50.7;3.9
Segundo trimestre de 2011;Ciudad de Buenos Aires;6.2;55.5;3.1;52.1;4.2
Tercer trimestre de 2012;Ciudad de Buenos Aires;5.0;53.2;2.6;50.6;4.6
Tercer trimestre de 2011;Ciudad de Buenos Aires;5.2;54.8;3.3;51.9;5.0
Cuarto trimestre de 2008;Ciudad de Buenos Aires;5.5;54.1;3.1;51.2;5.0
Primer trimestre de 2013;Ciudad de Buenos Aires;7.3;53.0;2.5;49.1;2.9
Tercer trimestre de 2003;Ciudad de Buenos Aires;13.0;52.7;5.3;45.8;7.7
Cuarto trimestre de 2010;Ciudad de Buenos Aires;6.2;53.7;3.5;50.4;4.2
Segundo trimestre de 2012;Ciudad de Buenos Aires;5.6;52.9;3.1;49.9;5.4
Primer trimestre de 2006;Ciudad de Buenos Aires;9.1;53.3;3.8;48.4;6.0
Primer trimestre de 2009;Ciudad de Buenos Aires;7.8;55.1;3.4;50.8;4.7
Segundo trimestre de 2004;Partidos de Buenos Aires;17.3;46.4;4.9;38.4;12.6
Cuarto trimestre de 2003;Partidos de Buenos Aires;17.1;45.8;5.6;37.9;13.4
Tercer trimestre de 2010;Partidos de Buenos Aires;9.2;47.1;3.7;42.7;6.9
Segundo trimestre de 2006;Partidos de Buenos Aires;12.1;47.6;4.6;41.8;9.3
Segundo trimestre de 2005;Partidos de Buenos Aires;14.9;45.3;5.1;38.6;10.8
Segundo trimestre de 2003 (1);Partidos de Buenos Aires;20.6;46.1;6.3;36.6;14.1
Primer trimestre de 2007;Partidos de Buenos Aires;11.9;47.1;3.8;41.5;7.4
Primer trimestre de 2011;Partidos de Buenos Aires;8.4;45.7;3.4;41.8;6.8
Tercer trimestre de 2005;Partidos de Buenos Aires;13.6;47.0;5.4;40.6;10.8
Primer trimestre de 2008;Partidos de Buenos Aires;9.9;46.0;3.2;41.5;6.8
Tercer trimestre de 2008;Partidos de Buenos Aires;9.7;46.3;3.4;41.9;7.2
Primer trimestre de 2012;Partidos de Buenos Aires;8.7;45.7;3.6;41.7;5.9
Segundo trimestre de 2009;Partidos de Buenos Aires;10.0;46.5;3.8;41.8;8.9
Tercer trimestre de 2004;Partidos de Buenos Aires;15.5;47.4;5.8;40.0;12.5
Cuarto trimestre de 2012;Partidos de Buenos Aires;7.9;47.4;3.6;43.7;7.9
Primer trimestre de 2010;Partidos de Buenos Aires;8.8;46.7;3.7;42.6;7.0
Tercer trimestre de 2009;Partidos de Buenos Aires;10.6;47.3;4.3;42.3;9.4
Primer trimestre de 2004;Partidos de Buenos Aires;15.5;45.4;6.9;38.3;12.6
Primer trimestre de 2003;Partidos de Buenos Aires;23.1;46.5;6.8;35.8;15.0
Tercer trimestre de 2006 (2);Partidos de Buenos Aires;12.1;46.6;4.5;41.0;8.6
Segundo trimestre de 2007;Partidos de Buenos Aires;9.8;46.8;3.6;42.2;8.7
Tercer trimestre de 2007;Partidos de Buenos Aires;NA;NA;NA;NA;NA
Segundo trimestre de 2010;Partidos de Buenos Aires;9.0;46.6;4.0;42.4;7.4
Primer trimestre de 2005;Partidos de Buenos Aires;15.5;45.6;4.6;38.6;10.4
Cuarto trimestre de 2005;Partidos de Buenos Aires;12.1;46.4;4.5;40.8;9.9
Segundo trimestre de 2008;Partidos de Buenos Aires;9.5;46.1;3.0;41.7;6.4
Cuarto trimestre de 2004;Partidos de Buenos Aires;14.8;47.0;5.7;40.1;11.3
Cuarto trimestre de 2006 (2);Partidos de Buenos Aires;10.9;46.8;4.2;41.7;9.3
Cuarto trimestre de 2007;Partidos de Buenos Aires;8.3;45.2;3.9;41.5;6.8
Cuarto trimestre de 2009;Partidos de Buenos Aires;10.1;47.5;4.8;42.7;7.9
Cuarto trimestre de 2011;Partidos de Buenos Aires;8.3;46.9;3.8;43.0;7.1
Segundo trimestre de 2011;Partidos de Buenos Aires;8.5;47.2;3.5;43.2;6.2
Tercer trimestre de 2012;Partidos de Buenos Aires;9.5;48.5;3.2;43.9;7.5
Tercer trimestre de 2011;Partidos de Buenos Aires;8.6;47.5;3.4;43.4;6.4
Cuarto trimestre de 2008;Partidos de Buenos Aires;8.5;46.4;4.3;42.5;6.7
Primer trimestre de 2013;Partidos de Buenos Aires;9.4;46.1;3.5;41.7;6.7
Tercer trimestre de 2003;Partidos de Buenos Aires;19.3;46.9;5.5;37.8;13.8
Cuarto trimestre de 2010;Partidos de Buenos Aires;8.7;46.7;3.6;42.7;5.9
Segundo trimestre de 2012;Partidos de Buenos Aires;8.4;46.4;3.6;42.5;8.4
Primer trimestre de 2006;Partidos de Buenos Aires;13.6;47.4;4.1;40.9;9.1
Primer trimestre de 2009;Partidos de Buenos Aires;8.7;46.7;3.9;42.6;6.5
Región Cuyo ;NA;NA;NA;NA;NA
Segundo trimestre de 2004;Región Cuyo ;10.5;44.4;3.7;39.7;9.7
Cuarto trimestre de 2003;Región Cuyo ;11.2;43.4;2.9;38.5;12.0
Tercer trimestre de 2010;Región Cuyo ;4.5;40.6;1.2;38.8;6.1
Segundo trimestre de 2006;Región Cuyo ;6.7;45.4;4.5;42.4;8.0
Segundo trimestre de 2005;Región Cuyo ;8.5;42.7;3.5;39.1;8.9
Segundo trimestre de 2003 (1);Región Cuyo ;15.2;43.9;5.0;37.3;13.0
Primer trimestre de 2007;Región Cuyo ;4.8;44.1;1.5;42.0;5.9
Primer trimestre de 2011;Región Cuyo ;4.6;41.1;1.0;39.2;5.7
Tercer trimestre de 2005;Región Cuyo ;8.0;41.5;2.7;38.2;11.5
Primer trimestre de 2008;Región Cuyo ;4.9;43.5;1.2;41.4;7.0
Tercer trimestre de 2008;Región Cuyo ;4.2;42.8;2.0;41.0;6.9
Primer trimestre de 2012;Región Cuyo ;4.4;41.6;0.5;39.8;4.5
Segundo trimestre de 2009;Región Cuyo ;7.1;43.2;1.7;40.2;7.6
Tercer trimestre de 2004;Región Cuyo ;10.0;43.0;2.8;38.7;11.8
Cuarto trimestre de 2012;Región Cuyo ;3.9;41.9;1.0;40.3;5.2
Primer trimestre de 2010;Región Cuyo ;6.2;43.2;1.2;40.5;5.7
Tercer trimestre de 2009;Región Cuyo ;6.4;41.9;1.4;39.2;6.9
Primer trimestre de 2004;Región Cuyo ;11.0;44.4;2.8;39.5;11.8
Primer trimestre de 2003;Región Cuyo ;15.5;43.3;4.2;36.6;13.1
Tercer trimestre de 2006 (2);Región Cuyo ;4.7;42.3;2.9;40.3;8.0
Segundo trimestre de 2007;Región Cuyo ;4.6;43.6;1.2;41.6;7.0
Tercer trimestre de 2007;Región Cuyo ;5.3;42.5;1.3;40.3;7.0
Segundo trimestre de 2010;Región Cuyo ;5.4;42.1;1.6;39.8;6.1
Primer trimestre de 2005;Región Cuyo ;8.2;42.7;3.5;39.2;8.4
Cuarto trimestre de 2005;Región Cuyo ;5.7;42.9;2.3;40.5;9.1
Segundo trimestre de 2008;Región Cuyo ;4.5;43.2;1.8;41.2;7.1
Cuarto trimestre de 2004;Región Cuyo ;6.9;42.3;2.9;39.4;9.1
Cuarto trimestre de 2006 (2);Región Cuyo ;4.1;43.4;2.6;41.6;7.5
Cuarto trimestre de 2007;Región Cuyo ;4.4;42.9;1.5;41.0;6.8
Cuarto trimestre de 2009;Región Cuyo ;6.5;42.5;1.7;39.7;6.1
Cuarto trimestre de 2011;Región Cuyo ;3.0;41.8;0.3;40.6;5.1
Segundo trimestre de 2011;Región Cuyo ;5.0;41.4;1.5;39.4;6.6
Tercer trimestre de 2012;Región Cuyo ;4.9;42.6;1.6;40.5;5.5
Tercer trimestre de 2011;Región Cuyo ;5.0;42.8;1.1;40.6;5.8
Cuarto trimestre de 2008;Región Cuyo ;4.3;43.3;1.7;41.4;5.0
Primer trimestre de 2013;Región Cuyo ;4.1;41.7;0.4;40.0;4.6
Tercer trimestre de 2003;Región Cuyo ;12.4;43.6;3.1;38.2;12.4
Cuarto trimestre de 2010;Región Cuyo ;4.2;40.7;1.5;38.9;6.4
Segundo trimestre de 2012;Región Cuyo ;4.7;42.2;0.8;40.2;5.1
Primer trimestre de 2006;Región Cuyo ;7.4;44.1;1.5;40.8;7.5
Primer trimestre de 2009;Región Cuyo ;5.8;43.6;1.5;41.1;5.4
Mendoza;NA;NA;NA;NA;NA
Segundo trimestre de 2004;Mendoza;10.9;45.3;2.2;40.3;9.3
Cuarto trimestre de 2003;Mendoza;12.4;42.4;2.3;37.1;13.7
Tercer trimestre de 2010;Mendoza;3.7;42.3;1.0;40.7;8.0
Segundo trimestre de 2006;Mendoza;6.7;47.3;6.2;44.2;7.8
Segundo trimestre de 2005;Mendoza;7.6;42.3;3.8;39.1;9.1
Segundo trimestre de 2003 (1);Mendoza;15.5;44.8;4.7;37.9;12.8
Primer trimestre de 2007;Mendoza;4.2;46.2;1.5;44.2;5.7
Primer trimestre de 2011;Mendoza;4.9;42.9;0.8;40.7;6.4
Tercer trimestre de 2005;Mendoza;8.5;42.5;2.4;38.9;13.4
Primer trimestre de 2008;Mendoza;4.5;45.3;0.5;43.3;8.8
Tercer trimestre de 2008;Mendoza;3.7;44.0;2.1;42.4;8.4
Primer trimestre de 2012;Mendoza;4.7;43.4;0.3;41.4;6.2
Segundo trimestre de 2009;Mendoza;7.3;44.7;0.5;41.5;8.8
Tercer trimestre de 2004;Mendoza;10.8;43.6;2.0;38.9;12.9
Cuarto trimestre de 2012;Mendoza;3.6;43.6;1.0;42.0;6.0
Primer trimestre de 2010;Mendoza;6.0;44.6;1.1;41.9;7.0
Tercer trimestre de 2009;Mendoza;6.4;43.2;0.8;40.5;8.0
Primer trimestre de 2004;Mendoza;11.6;44.7;2.7;39.5;11.9
Primer trimestre de 2003;Mendoza;16.9;44.3;4.4;36.8;12.3
Tercer trimestre de 2006 (2);Mendoza;3.7;43.1;3.4;41.5;9.1
Segundo trimestre de 2007;Mendoza;3.5;45.8;1.1;44.2;8.3
Tercer trimestre de 2007;Mendoza;5.8;43.5;0.8;41.0;7.0
Segundo trimestre de 2010;Mendoza;5.0;43.6;0.8;41.4;7.8
Primer trimestre de 2005;Mendoza;8.0;42.5;4.1;39.1;7.7
Cuarto trimestre de 2005;Mendoza;6.3;43.3;1.9;40.5;9.9
Segundo trimestre de 2008;Mendoza;3.9;44.5;1.6;42.8;8.3
Cuarto trimestre de 2004;Mendoza;7.2;41.9;2.3;38.9;10.4
Cuarto trimestre de 2006 (2);Mendoza;3.5;44.6;3.3;43.0;8.7
Cuarto trimestre de 2007;Mendoza;3.1;43.9;1.1;42.6;8.1
Cuarto trimestre de 2009;Mendoza;6.8;44.6;1.7;41.5;7.3
Cuarto trimestre de 2011;Mendoza;3.0;43.1;0.3;41.8;7.1
Segundo trimestre de 2011;Mendoza;5.3;44.2;1.6;41.9;7.1
Tercer trimestre de 2012;Mendoza;4.2;45.2;1.8;43.3;6.4
Tercer trimestre de 2011;Mendoza;4.1;45.6;1.2;43.7;6.7
Cuarto trimestre de 2008;Mendoza;4.0;44.2;1.8;42.4;5.5
Primer trimestre de 2013;Mendoza;3.7;43.4;0.2;41.8;5.0
Tercer trimestre de 2003;Mendoza;12.7;43.5;2.8;38.0;13.2
Cuarto trimestre de 2010;Mendoza;3.8;42.5;0.9;40.9;8.4
Segundo trimestre de 2012;Mendoza;4.7;44.4;0.3;42.3;6.8
Primer trimestre de 2006;Mendoza;7.2;44.3;1.9;41.1;7.1
Primer trimestre de 2009;Mendoza;5.8;44.4;1.5;41.8;6.3
Segundo trimestre de 2004;San Juan;NA;NA;NA;NA;NA
Cuarto trimestre de 2003;San Juan;NA;NA;NA;NA;NA
Tercer trimestre de 2010;San Juan;7.6;38.4;2.1;35.5;3.5
Segundo trimestre de 2006;San Juan;NA;NA;NA;NA;NA
Segundo trimestre de 2005;San Juan;NA;NA;NA;NA;NA
Segundo trimestre de 2003 (1);San Juan;NA;NA;NA;NA;NA
Primer trimestre de 2007;San Juan;7.1;41.3;1.7;38.4;6.4
Primer trimestre de 2011;San Juan;5.1;38.4;1.7;36.5;5.5
Tercer trimestre de 2005;San Juan;NA;NA;NA;NA;NA
Primer trimestre de 2008;San Juan;7.4;41.1;3.1;38.0;4.8
Tercer trimestre de 2008;San Juan;6.9;40.5;2.1;37.7;5.6
Primer trimestre de 2012;San Juan;4.9;39.0;1.0;37.0;2.5
Segundo trimestre de 2009;San Juan;8.9;40.5;4.5;36.9;7.3
Tercer trimestre de 2004;San Juan;NA;NA;NA;NA;NA
Cuarto trimestre de 2012;San Juan;5.5;39.5;0.6;37.3;4.7
Primer trimestre de 2010;San Juan;8.3;41.8;1.7;38.4;3.5
Tercer trimestre de 2009;San Juan;8.1;39.3;2.5;36.1;5.8
Primer trimestre de 2004;San Juan;NA;NA;NA;NA;NA
Primer trimestre de 2003;San Juan;NA;NA;NA;NA;NA
Tercer trimestre de 2006 (2);San Juan;7.8;40.8;2.2;37.6;7.0
Segundo trimestre de 2007;San Juan;8.4;40.5;1.6;37.1;5.3
Tercer trimestre de 2007;San Juan;6.2;40.4;2.6;37.9;7.8
Segundo trimestre de 2010;San Juan;7.8;40.6;3.6;37.4;4.3
Primer trimestre de 2005;San Juan;NA;NA;NA;NA;NA
Cuarto trimestre de 2005;San Juan;NA;NA;NA;NA;NA
Segundo trimestre de 2008;San Juan;7.2;41.0;2.5;38.0;6.0
Cuarto trimestre de 2004;San Juan;NA;NA;NA;NA;NA
Cuarto trimestre de 2006 (2);San Juan;6.3;41.2;1.9;38.6;6.2
Cuarto trimestre de 2007;San Juan;8.4;40.6;2.2;37.2;6.2
Cuarto trimestre de 2009;San Juan;8.0;39.6;2.2;36.4;4.6
Cuarto trimestre de 2011;San Juan;3.6;40.8;0.4;39.4;2.3
Segundo trimestre de 2011;San Juan;5.5;37.1;1.8;35.1;6.0
Tercer trimestre de 2012;San Juan;7.3;38.8;1.3;36.0;4.7
Tercer trimestre de 2011;San Juan;8.1;39.0;1.1;35.8;5.4
Cuarto trimestre de 2008;San Juan;6.3;42.7;1.7;40.0;5.1
Primer trimestre de 2013;San Juan;6.1;39.0;0.8;36.6;4.9
Tercer trimestre de 2003;San Juan;NA;NA;NA;NA;NA
Cuarto trimestre de 2010;San Juan;6.7;37.6;3.3;35.1;4.1
Segundo trimestre de 2012;San Juan;5.6;38.5;1.8;36.4;2.9
Primer trimestre de 2006;San Juan;NA;NA;NA;NA;NA
Primer trimestre de 2009;San Juan;7.0;43.7;2.0;40.6;5.1
San Luis;NA;NA;NA;NA;NA
Segundo trimestre de 2004;San Luis;NA;NA;NA;NA;NA
Cuarto trimestre de 2003;San Luis;NA;NA;NA;NA;NA
Tercer trimestre de 2010;San Luis;1.8;38.4;0.6;37.7;2.7
Segundo trimestre de 2006;San Luis;NA;NA;NA;NA;NA
Segundo trimestre de 2005;San Luis;NA;NA;NA;NA;NA
Segundo trimestre de 2003 (1);San Luis;NA;NA;NA;NA;NA
Primer trimestre de 2007;San Luis;1.9;41.2;0.8;40.4;5.5
Primer trimestre de 2011;San Luis;2.1;39.4;0.5;38.6;3.1
Tercer trimestre de 2005;San Luis;NA;NA;NA;NA;NA
Primer trimestre de 2008;San Luis;1.5;41.2;0.6;40.6;2.9
Tercer trimestre de 2008;San Luis;1.0;42.8;1.8;42.4;3.2
Primer trimestre de 2012;San Luis;1.9;39.8;0.5;39.1;0.9
Segundo trimestre de 2009;San Luis;1.9;42.7;1.5;41.9;2.6
Tercer trimestre de 2004;San Luis;NA;NA;NA;NA;NA
Cuarto trimestre de 2012;San Luis;2.0;40.2;1.5;39.4;2.8
Primer trimestre de 2010;San Luis;2.2;40.0;0.6;39.1;4.0
Tercer trimestre de 2009;San Luis;2.7;41.7;1.9;40.6;3.6
Primer trimestre de 2004;San Luis;NA;NA;NA;NA;NA
Primer trimestre de 2003;San Luis;NA;NA;NA;NA;NA
Tercer trimestre de 2006 (2);San Luis;2.1;42.0;2.0;41.2;5.3
Segundo trimestre de 2007;San Luis;1.6;40.5;0.7;39.9;4.3
Tercer trimestre de 2007;San Luis;1.3;43.2;1.0;42.6;4.9
Segundo trimestre de 2010;San Luis;1.5;38.7;0.7;38.1;2.2
Primer trimestre de 2005;San Luis;NA;NA;NA;NA;NA
Cuarto trimestre de 2005;San Luis;NA;NA;NA;NA;NA
Segundo trimestre de 2008;San Luis;1.6;42.0;1.1;41.3;3.6
Cuarto trimestre de 2004;San Luis;NA;NA;NA;NA;NA
Cuarto trimestre de 2006 (2);San Luis;1.8;42.9;1.3;42.1;4.6
Cuarto trimestre de 2007;San Luis;1.4;43.2;1.9;42.6;2.4
Cuarto trimestre de 2009;San Luis;2.0;39.9;0.6;39.1;3.5
Cuarto trimestre de 2011;San Luis;1.3;38.4;0.3;37.9;2.0
Segundo trimestre de 2011;San Luis;2.3;39.0;0.7;38.1;5.8
Tercer trimestre de 2012;San Luis;2.6;39.8;1.2;38.8;2.3
Tercer trimestre de 2011;San Luis;1.9;38.9;0.5;38.2;2.8
Cuarto trimestre de 2008;San Luis;1.1;40.2;1.0;39.7;2.1
Primer trimestre de 2013;San Luis;2.0;40.5;0.1;39.7;2.1
Tercer trimestre de 2003;San Luis;NA;NA;NA;NA;NA
Cuarto trimestre de 2010;San Luis;0.8;39.7;0.7;39.4;1.9
Segundo trimestre de 2012;San Luis;2.4;40.7;0.9;39.7;2.2
Primer trimestre de 2006;San Luis;NA;NA;NA;NA;NA
Primer trimestre de 2009;San Luis;2.7;40.2;0.3;39.1;1.8
Región Noreste ;NA;NA;NA;NA;NA
Segundo trimestre de 2004;Región Noreste ;8.3;38.0;2.4;34.9;9.3
Cuarto trimestre de 2003;Región Noreste ;9.9;38.3;2.3;34.5;9.6
Tercer trimestre de 2010;Región Noreste ;5.1;36.9;1.0;35.1;3.1
Segundo trimestre de 2006;Región Noreste ;6.5;36.9;2.6;34.5;4.5
Segundo trimestre de 2005;Región Noreste ;6.0;36.9;3.8;34.7;6.5
Segundo trimestre de 2003 (1);Región Noreste ;12.5;35.7;4.0;31.3;9.7
Primer trimestre de 2007;Región Noreste ;5.5;35.8;2.0;33.8;4.5
Primer trimestre de 2011;Región Noreste ;2.9;36.5;0.6;35.4;2.3
Tercer trimestre de 2005;Región Noreste ;5.3;36.7;3.1;34.8;7.2
Primer trimestre de 2008;Región Noreste ;5.5;37.6;1.4;35.5;3.7
Tercer trimestre de 2008;Región Noreste ;4.6;37.6;2.4;35.9;4.7
Primer trimestre de 2012;Región Noreste ;2.4;37.6;0.3;36.7;1.0
Segundo trimestre de 2009;Región Noreste ;3.8;36.7;1.5;35.3;4.3
Tercer trimestre de 2004;Región Noreste ;8.4;37.3;2.8;34.1;11.6
Cuarto trimestre de 2012;Región Noreste ;2.6;37.3;0.6;36.4;2.2
Primer trimestre de 2010;Región Noreste ;3.3;35.3;0.7;34.2;2.5
Tercer trimestre de 2009;Región Noreste ;4.0;36.1;1.2;34.7;4.6
Primer trimestre de 2004;Región Noreste ;10.4;37.6;2.3;33.6;8.2
Primer trimestre de 2003;Región Noreste ;14.7;36.1;3.9;30.8;9.6
Tercer trimestre de 2006 (2);Región Noreste ;5.8;38.6;3.5;36.3;5.9
Segundo trimestre de 2007;Región Noreste ;5.1;36.5;2.0;34.6;5.4
Tercer trimestre de 2007;Región Noreste ;4.7;37.8;1.7;36.0;4.6
Segundo trimestre de 2010;Región Noreste ;3.7;36.2;1.0;34.9;3.5
Primer trimestre de 2005;Región Noreste ;8.6;37.4;2.1;34.2;6.7
Cuarto trimestre de 2005;Región Noreste ;5.6;36.7;2.3;34.6;5.9
Segundo trimestre de 2008;Región Noreste ;6.1;37.6;1.6;35.3;4.3
Cuarto trimestre de 2004;Región Noreste ;8.0;37.1;2.2;34.1;7.9
Cuarto trimestre de 2006 (2);Región Noreste ;4.6;37.2;3.6;35.5;5.0
Cuarto trimestre de 2007;Región Noreste ;4.6;36.4;1.9;34.7;3.6
Cuarto trimestre de 2009;Región Noreste ;3.2;35.8;1.8;34.7;3.4
Cuarto trimestre de 2011;Región Noreste ;3.4;37.4;0.9;36.1;2.0
Segundo trimestre de 2011;Región Noreste ;4.1;38.5;1.0;36.9;3.8
Tercer trimestre de 2012;Región Noreste ;1.7;38.0;1.1;37.4;1.3
Tercer trimestre de 2011;Región Noreste ;3.4;38.8;1.5;37.5;4.0
Cuarto trimestre de 2008;Región Noreste ;3.4;35.6;1.8;34.4;4.1
Primer trimestre de 2013;Región Noreste ;3.1;37.8;1.3;36.7;2.1
Tercer trimestre de 2003;Región Noreste ;11.3;36.8;2.8;32.7;10.0
Cuarto trimestre de 2010;Región Noreste ;3.0;35.4;0.6;34.3;3.2
Segundo trimestre de 2012;Región Noreste ;2.4;38.2;0.8;37.3;1.4
Primer trimestre de 2006;Región Noreste ;7.1;36.0;2.8;33.4;4.5
Primer trimestre de 2009;Región Noreste ;4.9;36.2;1.3;34.4;3.4
Corrientes;NA;NA;NA;NA;NA
Segundo trimestre de 2004;Corrientes;NA;NA;NA;NA;NA
Cuarto trimestre de 2003;Corrientes;NA;NA;NA;NA;NA
Tercer trimestre de 2010;Corrientes;6.8;39.2;0.2;36.6;2.8
Segundo trimestre de 2006;Corrientes;NA;NA;NA;NA;NA
Segundo trimestre de 2005;Corrientes;NA;NA;NA;NA;NA
Segundo trimestre de 2003 (1);Corrientes;NA;NA;NA;NA;NA
Primer trimestre de 2007;Corrientes;6.8;38.2;3.0;35.6;5.8
Primer trimestre de 2011;Corrientes;3.3;40.1;0.6;38.8;2.7
Tercer trimestre de 2005;Corrientes;NA;NA;NA;NA;NA
Primer trimestre de 2008;Corrientes;6.8;41.3;1.5;38.4;5.4
Tercer trimestre de 2008;Corrientes;6.0;41.5;1.7;39.0;8.2
Primer trimestre de 2012;Corrientes;3.6;42.7;-;41.2;0.3
Segundo trimestre de 2009;Corrientes;5.5;39.7;1.3;37.5;4.5
Tercer trimestre de 2004;Corrientes;NA;NA;NA;NA;NA
Cuarto trimestre de 2012;Corrientes;2.5;41.2;0.4;40.2;2.3
Primer trimestre de 2010;Corrientes;4.9;38.6;0.3;36.8;3.6
Tercer trimestre de 2009;Corrientes;4.8;38.5;1.6;36.6;5.9
Primer trimestre de 2004;Corrientes;NA;NA;NA;NA;NA
Primer trimestre de 2003;Corrientes;NA;NA;NA;NA;NA
Tercer trimestre de 2006 (2);Corrientes;7.5;39.0;3.0;36.1;5.7
Segundo trimestre de 2007;Corrientes;5.4;39.2;1.7;37.1;4.8
Tercer trimestre de 2007;Corrientes;5.3;39.8;3.0;37.7;5.3
Segundo trimestre de 2010;Corrientes;3.1;38.4;1.0;37.2;3.1
Primer trimestre de 2005;Corrientes;NA;NA;NA;NA;NA
Cuarto trimestre de 2005;Corrientes;NA;NA;NA;NA;NA
Segundo trimestre de 2008;Corrientes;9.2;41.8;1.5;37.9;4.2
Cuarto trimestre de 2004;Corrientes;NA;NA;NA;NA;NA
Cuarto trimestre de 2006 (2);Corrientes;5.8;37.6;4.3;35.5;4.4
Cuarto trimestre de 2007;Corrientes;4.7;37.7;1.4;35.9;2.4
Cuarto trimestre de 2009;Corrientes;5.6;38.4;1.9;36.2;4.0
Cuarto trimestre de 2011;Corrientes;5.8;42.1;0.9;39.7;2.8
Segundo trimestre de 2011;Corrientes;6.8;43.3;0.9;40.4;5.5
Tercer trimestre de 2012;Corrientes;2.2;41.2;0.7;40.3;0.1
Tercer trimestre de 2011;Corrientes;4.5;40.8;0.7;39.0;3.3
Cuarto trimestre de 2008;Corrientes;5.6;40.4;1.1;38.1;5.9
Primer trimestre de 2013;Corrientes;5.4;42.1;0.7;39.8;1.4
Tercer trimestre de 2003;Corrientes;NA;NA;NA;NA;NA
Cuarto trimestre de 2010;Corrientes;3.7;38.5;0.2;37.1;2.4
Segundo trimestre de 2012;Corrientes;3.4;42.1;0.4;40.7;0.5
Primer trimestre de 2006;Corrientes;NA;NA;NA;NA;NA
Primer trimestre de 2009;Corrientes;6.7;39.6;1.1;37.0;4.1
Formosa;NA;NA;NA;NA;NA
Segundo trimestre de 2004;Formosa;NA;NA;NA;NA;NA
Cuarto trimestre de 2003;Formosa;NA;NA;NA;NA;NA
Tercer trimestre de 2010;Formosa;2.2;32.1;1.4;31.4;1.9
Segundo trimestre de 2006;Formosa;NA;NA;NA;NA;NA
Segundo trimestre de 2005;Formosa;NA;NA;NA;NA;NA
Segundo trimestre de 2003 (1);Formosa;NA;NA;NA;NA;NA
Primer trimestre de 2007;Formosa;3.6;34.6;1.5;33.3;4.5
Primer trimestre de 2011;Formosa;2.0;33.2;0.8;32.5;0.8
Tercer trimestre de 2005;Formosa;NA;NA;NA;NA;NA
Primer trimestre de 2008;Formosa;2.8;34.8;0.5;33.8;1.7
Tercer trimestre de 2008;Formosa;2.7;35.1;1.0;34.2;1.8
Primer trimestre de 2012;Formosa;1.8;34.5;0.9;33.9;1.9
Segundo trimestre de 2009;Formosa;3.8;34.7;1.7;33.4;1.2
Tercer trimestre de 2004;Formosa;NA;NA;NA;NA;NA
Cuarto trimestre de 2012;Formosa;2.0;34.2;0.9;33.5;2.3
Primer trimestre de 2010;Formosa;2.5;33.2;0.2;32.4;1.0
Tercer trimestre de 2009;Formosa;3.7;33.7;0.8;32.5;2.4
Primer trimestre de 2004;Formosa;NA;NA;NA;NA;NA
Primer trimestre de 2003;Formosa;NA;NA;NA;NA;NA
Tercer trimestre de 2006 (2);Formosa;4.5;35.7;1.2;34.1;4.1
Segundo trimestre de 2007;Formosa;3.6;35.0;2.0;33.8;3.9
Tercer trimestre de 2007;Formosa;3.1;36.4;0.8;35.3;2.3
Segundo trimestre de 2010;Formosa;2.5;32.4;0.4;31.6;2.4
Primer trimestre de 2005;Formosa;NA;NA;NA;NA;NA
Cuarto trimestre de 2005;Formosa;NA;NA;NA;NA;NA
Segundo trimestre de 2008;Formosa;2.9;33.4;0.8;32.4;1.2
Cuarto trimestre de 2004;Formosa;NA;NA;NA;NA;NA
Cuarto trimestre de 2006 (2);Formosa;4.0;35.7;0.7;34.2;5.3
Cuarto trimestre de 2007;Formosa;3.2;33.8;1.4;32.7;2.3
Cuarto trimestre de 2009;Formosa;2.1;33.9;0.8;33.2;2.8
Cuarto trimestre de 2011;Formosa;2.2;32.2;0.4;31.5;1.0
Segundo trimestre de 2011;Formosa;2.2;33.2;0.5;32.5;1.1
Tercer trimestre de 2012;Formosa;2.5;35.2;0.9;34.3;2.8
Tercer trimestre de 2011;Formosa;2.3;34.4;0.9;33.6;0.8
Cuarto trimestre de 2008;Formosa;2.3;31.3;2.0;30.6;2.9
Primer trimestre de 2013;Formosa;1.5;34.5;0.6;33.9;2.8
Tercer trimestre de 2003;Formosa;NA;NA;NA;NA;NA
Cuarto trimestre de 2010;Formosa;2.3;32.3;0.9;31.5;1.8
Segundo trimestre de 2012;Formosa;2.6;35.5;1.0;34.6;1.2
Primer trimestre de 2006;Formosa;NA;NA;NA;NA;NA
Primer trimestre de 2009;Formosa;2.0;32.5;0.4;31.8;2.0
Chaco;NA;NA;NA;NA;NA
Segundo trimestre de 2004;Chaco;NA;NA;NA;NA;NA
Cuarto trimestre de 2003;Chaco;NA;NA;NA;NA;NA
Tercer trimestre de 2010;Chaco;5.0;34.1;1.6;32.4;3.4
Segundo trimestre de 2006;Chaco;NA;NA;NA;NA;NA
Segundo trimestre de 2005;Chaco;NA;NA;NA;NA;NA
Segundo trimestre de 2003 (1);Chaco;NA;NA;NA;NA;NA
Primer trimestre de 2007;Chaco;6.7;32.7;1.0;30.5;4.5
Primer trimestre de 2011;Chaco;2.3;31.7;0.3;30.9;0.9
Tercer trimestre de 2005;Chaco;NA;NA;NA;NA;NA
Primer trimestre de 2008;Chaco;4.3;33.3;1.4;31.8;3.0
Tercer trimestre de 2008;Chaco;3.7;35.4;3.6;34.1;3.5
Primer trimestre de 2012;Chaco;1.9;34.4;0.2;33.7;0.5
Segundo trimestre de 2009;Chaco;2.2;33.2;1.9;32.4;2.6
Tercer trimestre de 2004;Chaco;NA;NA;NA;NA;NA
Cuarto trimestre de 2012;Chaco;2.1;33.7;0.6;33.0;0.9
Primer trimestre de 2010;Chaco;3.5;33.4;1.1;32.2;2.4
Tercer trimestre de 2009;Chaco;2.9;33.0;1.1;32.1;3.1
Primer trimestre de 2004;Chaco;NA;NA;NA;NA;NA
Primer trimestre de 2003;Chaco;NA;NA;NA;NA;NA
Tercer trimestre de 2006 (2);Chaco;5.6;37.9;6.9;35.7;6.3
Segundo trimestre de 2007;Chaco;5.6;32.5;3.1;30.7;6.8
Tercer trimestre de 2007;Chaco;6.5;35.1;1.6;32.9;5.5
Segundo trimestre de 2010;Chaco;4.2;33.0;1.8;31.6;3.3
Primer trimestre de 2005;Chaco;NA;NA;NA;NA;NA
Cuarto trimestre de 2005;Chaco;NA;NA;NA;NA;NA
Segundo trimestre de 2008;Chaco;5.0;35.2;2.3;33.4;5.8
Cuarto trimestre de 2004;Chaco;NA;NA;NA;NA;NA
Cuarto trimestre de 2006 (2);Chaco;4.4;36.2;6.5;34.6;4.0
Cuarto trimestre de 2007;Chaco;5.8;34.2;2.6;32.2;5.2
Cuarto trimestre de 2009;Chaco;1.8;32.4;1.7;31.9;2.3
Cuarto trimestre de 2011;Chaco;3.7;35.1;0.7;33.8;1.5
Segundo trimestre de 2011;Chaco;2.7;33.9;1.2;33.0;1.8
Tercer trimestre de 2012;Chaco;0.6;34.6;-;34.4;-
Tercer trimestre de 2011;Chaco;3.4;38.8;1.7;37.5;5.6
Cuarto trimestre de 2008;Chaco;2.4;32.9;3.3;32.1;3.6
Primer trimestre de 2013;Chaco;1.2;34.9;1.5;34.5;0.6
Tercer trimestre de 2003;Chaco;NA;NA;NA;NA;NA
Cuarto trimestre de 2010;Chaco;0.9;31.4;1.1;31.1;2.7
Segundo trimestre de 2012;Chaco;0.4;34.6;0.2;34.5;0.4
Primer trimestre de 2006;Chaco;NA;NA;NA;NA;NA
Primer trimestre de 2009;Chaco;4.0;34.8;1.6;33.4;4.0
Misiones;NA;NA;NA;NA;NA
Segundo trimestre de 2004;Misiones;NA;NA;NA;NA;NA
Cuarto trimestre de 2003;Misiones;NA;NA;NA;NA;NA
Tercer trimestre de 2010;Misiones;5.0;41.8;1.3;39.7;3.9
Segundo trimestre de 2006;Misiones;NA;NA;NA;NA;NA
Segundo trimestre de 2005;Misiones;NA;NA;NA;NA;NA
Segundo trimestre de 2003 (1);Misiones;NA;NA;NA;NA;NA
Primer trimestre de 2007;Misiones;4.0;37.8;2.1;36.3;2.9
Primer trimestre de 2011;Misiones;3.4;41.1;0.8;39.7;4.4
Tercer trimestre de 2005;Misiones;NA;NA;NA;NA;NA
Primer trimestre de 2008;Misiones;6.9;41.1;1.6;38.2;3.8
Tercer trimestre de 2008;Misiones;5.1;37.8;3.0;35.9;3.9
Primer trimestre de 2012;Misiones;1.8;38.0;0.5;37.3;1.9
Segundo trimestre de 2009;Misiones;3.7;39.3;1.3;37.8;8.1
Tercer trimestre de 2004;Misiones;NA;NA;NA;NA;NA
Cuarto trimestre de 2012;Misiones;3.6;40.0;0.8;38.6;3.5
Primer trimestre de 2010;Misiones;1.7;35.7;1.0;35.0;2.4
Tercer trimestre de 2009;Misiones;4.3;39.2;1.0;37.5;6.3
Primer trimestre de 2004;Misiones;NA;NA;NA;NA;NA
Primer trimestre de 2003;Misiones;NA;NA;NA;NA;NA
Tercer trimestre de 2006 (2);Misiones;5.0;41.3;1.6;39.3;6.8
Segundo trimestre de 2007;Misiones;5.3;39.5;1.0;37.4;5.5
Tercer trimestre de 2007;Misiones;3.2;39.9;1.0;38.6;4.5
Segundo trimestre de 2010;Misiones;4.7;40.8;0.6;38.9;5.0
Primer trimestre de 2005;Misiones;NA;NA;NA;NA;NA
Cuarto trimestre de 2005;Misiones;NA;NA;NA;NA;NA
Segundo trimestre de 2008;Misiones;5.8;39.0;1.7;36.7;5.0
Cuarto trimestre de 2004;Misiones;NA;NA;NA;NA;NA
Cuarto trimestre de 2006 (2);Misiones;4.1;39.2;1.5;37.6;6.6
Cuarto trimestre de 2007;Misiones;4.2;39.6;2.1;37.9;4.1
Cuarto trimestre de 2009;Misiones;2.7;38.7;2.3;37.7;4.4
Cuarto trimestre de 2011;Misiones;0.9;38.9;1.5;38.6;2.2
Segundo trimestre de 2011;Misiones;3.4;43.0;1.2;41.6;5.3
Tercer trimestre de 2012;Misiones;1.6;41.1;2.7;40.4;3.1
Tercer trimestre de 2011;Misiones;3.0;40.0;2.6;38.8;4.8
Cuarto trimestre de 2008;Misiones;2.2;37.0;0.8;36.2;3.1
Primer trimestre de 2013;Misiones;3.4;39.4;2.4;38.1;4.2
Tercer trimestre de 2003;Misiones;NA;NA;NA;NA;NA
Cuarto trimestre de 2010;Misiones;5.0;39.5;0.5;37.6;5.5
Segundo trimestre de 2012;Misiones;3.0;40.2;1.9;39.0;3.7
Primer trimestre de 2006;Misiones;NA;NA;NA;NA;NA
Primer trimestre de 2009;Misiones;5.9;37.1;2.0;34.9;2.6
Región Noroeste ;NA;NA;NA;NA;NA
Segundo trimestre de 2004;Región Noroeste ;14.2;40.8;3.5;35.0;12.8
Cuarto trimestre de 2003;Región Noroeste ;13.8;42.4;3.7;36.6;13.4
Tercer trimestre de 2010;Región Noroeste ;7.1;42.3;1.6;39.3;6.3
Segundo trimestre de 2006;Región Noroeste ;10.2;41.8;3.0;37.5;8.8
Segundo trimestre de 2005;Región Noroeste ;10.8;41.6;2.7;37.1;10.2
Segundo trimestre de 2003 (1);Región Noroeste ;17.0;40.7;4.8;33.8;12.6
Primer trimestre de 2007;Región Noroeste ;10.4;40.7;2.6;36.5;7.6
Primer trimestre de 2011;Región Noroeste ;7.6;42.4;2.1;39.2;6.7
Tercer trimestre de 2005;Región Noroeste ;11.0;42.7;3.5;38.0;8.9
Primer trimestre de 2008;Región Noroeste ;9.1;40.7;2.0;37.0;6.0
Tercer trimestre de 2008;Región Noroeste ;7.3;41.7;2.2;38.7;6.3
Primer trimestre de 2012;Región Noroeste ;7.2;42.4;0.7;39.3;5.6
Segundo trimestre de 2009;Región Noroeste ;8.5;41.5;2.2;38.0;7.1
Tercer trimestre de 2004;Región Noroeste ;13.9;42.0;3.0;36.2;11.1
Cuarto trimestre de 2012;Región Noroeste ;5.3;42.0;1.1;39.8;4.9
Primer trimestre de 2010;Región Noroeste ;8.7;42.2;2.0;38.5;7.0
Tercer trimestre de 2009;Región Noroeste ;7.9;41.6;1.4;38.4;6.6
Primer trimestre de 2004;Región Noroeste ;15.5;42.0;3.1;35.5;10.8
Primer trimestre de 2003;Región Noroeste ;18.8;41.8;4.5;33.9;14.6
Tercer trimestre de 2006 (2);Región Noroeste ;10.1;42.3;2.5;38.1;7.7
Segundo trimestre de 2007;Región Noroeste ;9.5;40.8;2.6;37.0;6.7
Tercer trimestre de 2007;Región Noroeste ;7.8;41.3;2.6;38.0;6.8
Segundo trimestre de 2010;Región Noroeste ;7.0;42.4;1.6;39.4;8.3
Primer trimestre de 2005;Región Noroeste ;12.0;41.6;2.3;36.6;11.2
Cuarto trimestre de 2005;Región Noroeste ;10.2;41.9;2.9;37.6;8.1
Segundo trimestre de 2008;Región Noroeste ;7.7;41.8;2.1;38.6;7.3
Cuarto trimestre de 2004;Región Noroeste ;12.6;42.5;3.1;37.1;11.3
Cuarto trimestre de 2006 (2);Región Noroeste ;9.0;41.8;2.8;38.0;8.2
Cuarto trimestre de 2007;Región Noroeste ;8.1;41.1;2.9;37.8;6.8
Cuarto trimestre de 2009;Región Noroeste ;7.3;42.5;1.9;39.4;6.9
Cuarto trimestre de 2011;Región Noroeste ;5.3;42.2;1.5;40.0;5.8
Segundo trimestre de 2011;Región Noroeste ;6.9;42.6;2.1;39.7;6.2
Tercer trimestre de 2012;Región Noroeste ;7.2;43.4;2.6;40.3;4.9
Tercer trimestre de 2011;Región Noroeste ;6.4;43.3;2.2;40.6;7.0
Cuarto trimestre de 2008;Región Noroeste ;8.2;41.7;2.2;38.2;5.8
Primer trimestre de 2013;Región Noroeste ;6.9;42.8;1.6;39.8;6.3
Tercer trimestre de 2003;Región Noroeste ;14.1;41.3;3.9;35.4;13.6
Cuarto trimestre de 2010;Región Noroeste ;6.6;42.0;1.7;39.2;5.4
Segundo trimestre de 2012;Región Noroeste ;7.2;42.6;1.2;39.5;5.9
Primer trimestre de 2006;Región Noroeste ;11.4;41.2;2.7;36.5;7.8
Primer trimestre de 2009;Región Noroeste ;9.3;41.8;2.1;37.9;6.4
Catamarca;NA;NA;NA;NA;NA
Segundo trimestre de 2004;Catamarca;NA;NA;NA;NA;NA
Cuarto trimestre de 2003;Catamarca;NA;NA;NA;NA;NA
Tercer trimestre de 2010;Catamarca;9.0;40.7;0.9;37.1;4.3
Segundo trimestre de 2006;Catamarca;NA;NA;NA;NA;NA
Segundo trimestre de 2005;Catamarca;NA;NA;NA;NA;NA
Segundo trimestre de 2003 (1);Catamarca;NA;NA;NA;NA;NA
Primer trimestre de 2007;Catamarca;14.2;41.9;1.4;35.9;6.3
Primer trimestre de 2011;Catamarca;12.2;42.0;0.5;36.9;6.4
Tercer trimestre de 2005;Catamarca;NA;NA;NA;NA;NA
Primer trimestre de 2008;Catamarca;9.1;39.9;0.8;36.3;3.1
Tercer trimestre de 2008;Catamarca;7.2;40.6;0.1;37.7;3.7
Primer trimestre de 2012;Catamarca;8.9;41.7;0.4;38.0;5.4
Segundo trimestre de 2009;Catamarca;8.4;42.7;0.5;39.2;5.0
Tercer trimestre de 2004;Catamarca;NA;NA;NA;NA;NA
Cuarto trimestre de 2012;Catamarca;6.2;41.6;2.1;39.0;6.5
Primer trimestre de 2010;Catamarca;10.0;41.6;0.5;37.4;2.9
Tercer trimestre de 2009;Catamarca;8.6;39.5;0.4;36.1;4.2
Primer trimestre de 2004;Catamarca;NA;NA;NA;NA;NA
Primer trimestre de 2003;Catamarca;NA;NA;NA;NA;NA
Tercer trimestre de 2006 (2);Catamarca;11.4;44.0;2.5;39.0;7.5
Segundo trimestre de 2007;Catamarca;11.0;41.6;1.3;37.0;7.2
Tercer trimestre de 2007;Catamarca;9.1;39.9;0.7;36.2;5.8
Segundo trimestre de 2010;Catamarca;8.9;40.0;0.3;36.5;3.5
Primer trimestre de 2005;Catamarca;NA;NA;NA;NA;NA
Cuarto trimestre de 2005;Catamarca;NA;NA;NA;NA;NA
Segundo trimestre de 2008;Catamarca;9.6;41.2;0.8;37.2;4.9
Cuarto trimestre de 2004;Catamarca;NA;NA;NA;NA;NA
Cuarto trimestre de 2006 (2);Catamarca;11.6;41.1;1.2;36.4;5.6
Cuarto trimestre de 2007;Catamarca;9.6;39.6;0.6;35.8;4.7
Cuarto trimestre de 2009;Catamarca;9.9;40.0;0.8;36.1;4.0
Cuarto trimestre de 2011;Catamarca;7.5;43.1;0.2;39.8;7.5
Segundo trimestre de 2011;Catamarca;9.0;41.0;1.6;37.3;6.8
Tercer trimestre de 2012;Catamarca;9.4;41.3;1.4;37.4;9.2
Tercer trimestre de 2011;Catamarca;10.4;43.9;1.3;39.3;7.6
Cuarto trimestre de 2008;Catamarca;8.4;39.8;0.8;36.5;2.3
Primer trimestre de 2013;Catamarca;9.8;43.6;1.1;39.3;4.9
Tercer trimestre de 2003;Catamarca;NA;NA;NA;NA;NA
Cuarto trimestre de 2010;Catamarca;8.5;41.3;0.8;37.8;3.9
Segundo trimestre de 2012;Catamarca;11.7;42.5;0.8;37.6;5.1
Primer trimestre de 2006;Catamarca;NA;NA;NA;NA;NA
Primer trimestre de 2009;Catamarca;10.2;41.2;0.6;37.0;3.6
Tucumán;NA;NA;NA;NA;NA
Segundo trimestre de 2004;Tucumán;13.6;37.9;3.6;32.7;14.9
Cuarto trimestre de 2003;Tucumán;15.2;42.7;5.4;36.2;15.6
Tercer trimestre de 2010;Tucumán;5.4;43.3;1.5;40.9;6.5
Segundo trimestre de 2006;Tucumán;11.8;40.3;2.7;35.5;12.4
Segundo trimestre de 2005;Tucumán;11.3;40.4;3.9;35.8;12.5
Segundo trimestre de 2003 (1);Tucumán;15.0;39.2;6.6;33.3;16.1
Primer trimestre de 2007;Tucumán;11.8;40.9;4.2;36.0;9.5
Primer trimestre de 2011;Tucumán;4.9;42.9;2.9;40.8;8.2
Tercer trimestre de 2005;Tucumán;13.1;42.1;5.3;36.6;10.0
Primer trimestre de 2008;Tucumán;11.5;40.6;2.4;35.9;4.9
Tercer trimestre de 2008;Tucumán;7.7;42.9;3.0;39.6;5.5
Primer trimestre de 2012;Tucumán;4.5;44.0;1.1;42.0;4.2
Segundo trimestre de 2009;Tucumán;9.7;41.2;2.8;37.1;5.4
Tercer trimestre de 2004;Tucumán;14.4;40.2;2.4;34.4;13.2
Cuarto trimestre de 2012;Tucumán;3.9;43.3;1.2;41.6;4.1
Primer trimestre de 2010;Tucumán;8.7;44.2;2.6;40.3;6.3
Tercer trimestre de 2009;Tucumán;10.0;44.3;1.3;39.9;4.4
Primer trimestre de 2004;Tucumán;16.5;41.6;3.0;34.8;13.2
Primer trimestre de 2003;Tucumán;21.2;41.7;4.8;32.9;19.0
Tercer trimestre de 2006 (2);Tucumán;11.3;42.0;3.2;37.3;7.5
Segundo trimestre de 2007;Tucumán;9.8;39.7;4.1;35.8;7.4
Tercer trimestre de 2007;Tucumán;8.0;41.8;3.6;38.5;5.3
Segundo trimestre de 2010;Tucumán;5.2;44.6;2.3;42.3;9.2
Primer trimestre de 2005;Tucumán;14.2;40.9;3.0;35.1;15.5
Cuarto trimestre de 2005;Tucumán;10.9;41.9;4.2;37.3;8.4
Segundo trimestre de 2008;Tucumán;7.7;41.6;2.1;38.4;6.8
Cuarto trimestre de 2004;Tucumán;11.4;41.2;2.6;36.5;14.1
Cuarto trimestre de 2006 (2);Tucumán;9.4;42.5;3.9;38.5;8.6
Cuarto trimestre de 2007;Tucumán;8.2;41.4;3.6;38.0;6.3
Cuarto trimestre de 2009;Tucumán;8.1;44.8;1.7;41.2;6.2
Cuarto trimestre de 2011;Tucumán;3.1;43.6;1.9;42.2;5.5
Segundo trimestre de 2011;Tucumán;4.4;43.3;2.1;41.3;5.0
Tercer trimestre de 2012;Tucumán;4.3;42.8;2.2;41.0;6.5
Tercer trimestre de 2011;Tucumán;3.3;43.6;2.6;42.1;5.5
Cuarto trimestre de 2008;Tucumán;9.7;43.9;2.0;39.6;5.2
Primer trimestre de 2013;Tucumán;5.7;43.4;2.6;40.9;6.4
Tercer trimestre de 2003;Tucumán;12.9;39.6;4.1;34.5;17.1
Cuarto trimestre de 2010;Tucumán;5.6;42.5;2.5;40.2;5.3
Segundo trimestre de 2012;Tucumán;3.8;42.8;1.6;41.2;8.3
Primer trimestre de 2006;Tucumán;13.4;40.8;4.2;35.3;11.1
Primer trimestre de 2009;Tucumán;11.8;41.3;3.0;36.4;5.8
Jujuy;NA;NA;NA;NA;NA
Segundo trimestre de 2004;Jujuy;NA;NA;NA;NA;NA
Cuarto trimestre de 2003;Jujuy;NA;NA;NA;NA;NA
Tercer trimestre de 2010;Jujuy;5.0;40.5;1.9;38.5;5.7
Segundo trimestre de 2006;Jujuy;NA;NA;NA;NA;NA
Segundo trimestre de 2005;Jujuy;NA;NA;NA;NA;NA
Segundo trimestre de 2003 (1);Jujuy;NA;NA;NA;NA;NA
Primer trimestre de 2007;Jujuy;7.6;37.0;1.9;34.2;7.5
Primer trimestre de 2011;Jujuy;6.3;42.7;1.9;40.1;4.9
Tercer trimestre de 2005;Jujuy;NA;NA;NA;NA;NA
Primer trimestre de 2008;Jujuy;8.6;38.7;2.6;35.4;10.1
Tercer trimestre de 2008;Jujuy;7.1;40.4;1.9;37.5;8.7
Primer trimestre de 2012;Jujuy;7.6;42.5;0.4;39.3;5.0
Segundo trimestre de 2009;Jujuy;6.8;42.1;3.3;39.2;8.3
Tercer trimestre de 2004;Jujuy;NA;NA;NA;NA;NA
Cuarto trimestre de 2012;Jujuy;4.2;38.7;0.2;37.1;4.6
Primer trimestre de 2010;Jujuy;6.4;42.0;2.4;39.3;7.6
Tercer trimestre de 2009;Jujuy;6.0;40.5;2.6;38.1;12.0
Primer trimestre de 2004;Jujuy;NA;NA;NA;NA;NA
Primer trimestre de 2003;Jujuy;NA;NA;NA;NA;NA
Tercer trimestre de 2006 (2);Jujuy;6.3;43.3;4.6;40.6;13.4
Segundo trimestre de 2007;Jujuy;8.7;40.1;2.9;36.6;7.6
Tercer trimestre de 2007;Jujuy;5.9;42.4;2.4;39.9;9.9
Segundo trimestre de 2010;Jujuy;7.1;41.2;1.2;38.3;9.9
Primer trimestre de 2005;Jujuy;NA;NA;NA;NA;NA
Cuarto trimestre de 2005;Jujuy;NA;NA;NA;NA;NA
Segundo trimestre de 2008;Jujuy;8.0;40.5;2.7;37.2;11.7
Cuarto trimestre de 2004;Jujuy;NA;NA;NA;NA;NA
Cuarto trimestre de 2006 (2);Jujuy;7.7;40.0;2.5;37.0;7.5
Cuarto trimestre de 2007;Jujuy;8.2;41.0;3.7;37.7;7.5
Cuarto trimestre de 2009;Jujuy;5.6;41.6;3.9;39.2;12.5
Cuarto trimestre de 2011;Jujuy;5.4;39.3;0.8;37.2;4.6
Segundo trimestre de 2011;Jujuy;5.0;42.6;1.4;40.5;5.8
Tercer trimestre de 2012;Jujuy;4.8;41.9;1.5;39.9;3.3
Tercer trimestre de 2011;Jujuy;3.9;42.6;1.4;40.9;7.2
Cuarto trimestre de 2008;Jujuy;4.3;40.6;3.5;38.9;7.0
Primer trimestre de 2013;Jujuy;4.6;40.4;0.6;38.6;4.6
Tercer trimestre de 2003;Jujuy;NA;NA;NA;NA;NA
Cuarto trimestre de 2010;Jujuy;4.1;40.4;0.8;38.7;6.3
Segundo trimestre de 2012;Jujuy;4.3;40.6;0.1;38.9;3.7
Primer trimestre de 2006;Jujuy;NA;NA;NA;NA;NA
Primer trimestre de 2009;Jujuy;6.7;43.1;2.3;40.2;6.9
La Rioja;NA;NA;NA;NA;NA
Segundo trimestre de 2004;La Rioja;NA;NA;NA;NA;NA
Cuarto trimestre de 2003;La Rioja;NA;NA;NA;NA;NA
Tercer trimestre de 2010;La Rioja;4.8;42.3;1.3;40.3;2.0
Segundo trimestre de 2006;La Rioja;NA;NA;NA;NA;NA
Segundo trimestre de 2005;La Rioja;NA;NA;NA;NA;NA
Segundo trimestre de 2003 (1);La Rioja;NA;NA;NA;NA;NA
Primer trimestre de 2007;La Rioja;8.1;44.7;3.3;41.1;4.0
Primer trimestre de 2011;La Rioja;6.2;42.7;3.3;40.0;7.0
Tercer trimestre de 2005;La Rioja;NA;NA;NA;NA;NA
Primer trimestre de 2008;La Rioja;7.8;44.3;1.5;40.8;3.9
Tercer trimestre de 2008;La Rioja;5.9;42.7;2.2;40.2;3.9
Primer trimestre de 2012;La Rioja;5.3;42.0;0.6;39.7;4.3
Segundo trimestre de 2009;La Rioja;7.7;41.6;1.1;38.4;5.6
Tercer trimestre de 2004;La Rioja;NA;NA;NA;NA;NA
Cuarto trimestre de 2012;La Rioja;3.9;40.3;0.5;38.7;3.7
Primer trimestre de 2010;La Rioja;7.1;41.3;0.7;38.4;3.8
Tercer trimestre de 2009;La Rioja;5.8;42.0;-;39.6;2.6
Primer trimestre de 2004;La Rioja;NA;NA;NA;NA;NA
Primer trimestre de 2003;La Rioja;NA;NA;NA;NA;NA
Tercer trimestre de 2006 (2);La Rioja;9.8;44.1;2.1;39.8;7.1
Segundo trimestre de 2007;La Rioja;9.6;45.3;3.0;40.9;3.3
Tercer trimestre de 2007;La Rioja;8.7;44.6;2.5;40.8;4.6
Segundo trimestre de 2010;La Rioja;3.8;39.6;1.4;38.1;2.7
Primer trimestre de 2005;La Rioja;NA;NA;NA;NA;NA
Cuarto trimestre de 2005;La Rioja;NA;NA;NA;NA;NA
Segundo trimestre de 2008;La Rioja;8.1;45.1;1.8;41.5;4.4
Cuarto trimestre de 2004;La Rioja;NA;NA;NA;NA;NA
Cuarto trimestre de 2006 (2);La Rioja;7.2;45.3;2.1;42.1;7.7
Cuarto trimestre de 2007;La Rioja;6.8;44.2;1.9;41.2;4.0
Cuarto trimestre de 2009;La Rioja;5.1;42.9;0.9;40.7;3.3
Cuarto trimestre de 2011;La Rioja;3.4;41.7;1.9;40.3;3.5
Segundo trimestre de 2011;La Rioja;5.8;43.9;2.9;41.4;6.8
Tercer trimestre de 2012;La Rioja;5.4;42.1;1.4;39.8;4.3
Tercer trimestre de 2011;La Rioja;3.9;43.1;1.9;41.4;5.4
Cuarto trimestre de 2008;La Rioja;6.4;41.9;1.2;39.2;6.0
Primer trimestre de 2013;La Rioja;5.6;40.8;1.6;38.5;3.9
Tercer trimestre de 2003;La Rioja;NA;NA;NA;NA;NA
Cuarto trimestre de 2010;La Rioja;6.8;42.8;0.4;39.9;1.4
Segundo trimestre de 2012;La Rioja;4.5;43.0;1.8;41.1;5.2
Primer trimestre de 2006;La Rioja;NA;NA;NA;NA;NA
Primer trimestre de 2009;La Rioja;8.4;42.0;1.1;38.5;6.7
Salta;NA;NA;NA;NA;NA
Segundo trimestre de 2004;Salta;NA;NA;NA;NA;NA
Cuarto trimestre de 2003;Salta;NA;NA;NA;NA;NA
Tercer trimestre de 2010;Salta;11.5;45.7;2.9;40.4;7.8
Segundo trimestre de 2006;Salta;NA;NA;NA;NA;NA
Segundo trimestre de 2005;Salta;NA;NA;NA;NA;NA
Segundo trimestre de 2003 (1);Salta;NA;NA;NA;NA;NA
Primer trimestre de 2007;Salta;10.5;42.4;1.9;37.9;6.6
Primer trimestre de 2011;Salta;11.7;44.2;2.1;39.1;5.3
Tercer trimestre de 2005;Salta;NA;NA;NA;NA;NA
Primer trimestre de 2008;Salta;8.6;41.4;2.4;37.9;7.6
Tercer trimestre de 2008;Salta;8.6;41.4;2.6;37.8;8.2
Primer trimestre de 2012;Salta;11.0;42.4;0.9;37.7;5.2
Segundo trimestre de 2009;Salta;10.2;43.3;2.0;38.9;7.9
Tercer trimestre de 2004;Salta;NA;NA;NA;NA;NA
Cuarto trimestre de 2012;Salta;7.2;44.4;0.4;41.2;3.6
Primer trimestre de 2010;Salta;11.1;43.1;2.6;38.3;8.9
Tercer trimestre de 2009;Salta;7.0;41.3;1.6;38.4;7.5
Primer trimestre de 2004;Salta;NA;NA;NA;NA;NA
Primer trimestre de 2003;Salta;NA;NA;NA;NA;NA
Tercer trimestre de 2006 (2);Salta;11.8;42.9;1.6;37.8;6.7
Segundo trimestre de 2007;Salta;10.5;42.0;1.7;37.5;6.8
Tercer trimestre de 2007;Salta;8.9;40.9;2.5;37.3;7.2
Segundo trimestre de 2010;Salta;10.6;45.0;1.9;40.2;10.3
Primer trimestre de 2005;Salta;NA;NA;NA;NA;NA
Cuarto trimestre de 2005;Salta;NA;NA;NA;NA;NA
Segundo trimestre de 2008;Salta;7.7;42.5;2.5;39.3;8.4
Cuarto trimestre de 2004;Salta;NA;NA;NA;NA;NA
Cuarto trimestre de 2006 (2);Salta;11.6;42.2;2.9;37.3;10.3
Cuarto trimestre de 2007;Salta;9.6;41.9;3.0;37.9;9.1
Cuarto trimestre de 2009;Salta;8.0;43.0;1.7;39.5;5.8
Cuarto trimestre de 2011;Salta;7.9;44.4;2.0;40.9;4.9
Segundo trimestre de 2011;Salta;11.5;44.4;2.9;39.3;7.6
Tercer trimestre de 2012;Salta;12.0;46.3;0.8;40.7;2.6
Tercer trimestre de 2011;Salta;9.7;44.7;2.8;40.4;7.6
Cuarto trimestre de 2008;Salta;11.9;41.8;2.7;36.8;6.9
Primer trimestre de 2013;Salta;10.6;45.6;1.3;40.8;5.2
Tercer trimestre de 2003;Salta;NA;NA;NA;NA;NA
Cuarto trimestre de 2010;Salta;9.2;44.7;2.3;40.6;5.7
Segundo trimestre de 2012;Salta;10.9;44.1;1.0;39.3;3.1
Primer trimestre de 2006;Salta;NA;NA;NA;NA;NA
Primer trimestre de 2009;Salta;9.8;44.1;2.0;39.8;8.9
Santiago del Estero;NA;NA;NA;NA;NA
Segundo trimestre de 2004;Santiago del Estero;NA;NA;NA;NA;NA
Cuarto trimestre de 2003;Santiago del Estero;NA;NA;NA;NA;NA
Tercer trimestre de 2010;Santiago del Estero;5.6;37.6;0.2;35.4;7.3
Segundo trimestre de 2006;Santiago del Estero;NA;NA;NA;NA;NA
Segundo trimestre de 2005;Santiago del Estero;NA;NA;NA;NA;NA
Segundo trimestre de 2003 (1);Santiago del Estero;NA;NA;NA;NA;NA
Primer trimestre de 2007;Santiago del Estero;7.8;38.6;1.0;35.6;7.6
Primer trimestre de 2011;Santiago del Estero;6.3;38.5;0.5;36.1;7.1
Tercer trimestre de 2005;Santiago del Estero;NA;NA;NA;NA;NA
Primer trimestre de 2008;Santiago del Estero;5.8;40.3;0.9;38.0;5.8
Tercer trimestre de 2008;Santiago del Estero;5.0;40.8;1.3;38.7;6.0
Primer trimestre de 2012;Santiago del Estero;7.3;39.2;-;36.3;11.4
Segundo trimestre de 2009;Santiago del Estero;4.7;38.7;1.8;36.9;11.0
Tercer trimestre de 2004;Santiago del Estero;NA;NA;NA;NA;NA
Cuarto trimestre de 2012;Santiago del Estero;6.7;39.6;2.1;37.0;9.0
Primer trimestre de 2010;Santiago del Estero;6.9;37.3;0.8;34.7;9.2
Tercer trimestre de 2009;Santiago del Estero;6.1;38.2;2.1;35.9;9.1
Primer trimestre de 2004;Santiago del Estero;NA;NA;NA;NA;NA
Primer trimestre de 2003;Santiago del Estero;NA;NA;NA;NA;NA
Tercer trimestre de 2006 (2);Santiago del Estero;7.3;39.8;0.9;36.9;4.7
Segundo trimestre de 2007;Santiago del Estero;6.7;39.8;1.0;37.1;5.9
Tercer trimestre de 2007;Santiago del Estero;6.4;38.8;1.6;36.3;8.7
Segundo trimestre de 2010;Santiago del Estero;6.2;37.2;0.6;34.9;7.2
Primer trimestre de 2005;Santiago del Estero;NA;NA;NA;NA;NA
Cuarto trimestre de 2005;Santiago del Estero;NA;NA;NA;NA;NA
Segundo trimestre de 2008;Santiago del Estero;6.1;40.8;1.5;38.3;5.7
Cuarto trimestre de 2004;Santiago del Estero;NA;NA;NA;NA;NA
Cuarto trimestre de 2006 (2);Santiago del Estero;4.6;39.6;1.8;37.8;6.7
Cuarto trimestre de 2007;Santiago del Estero;5.4;38.7;2.0;36.6;6.5
Cuarto trimestre de 2009;Santiago del Estero;5.4;38.7;1.8;36.6;9.0
Cuarto trimestre de 2011;Santiago del Estero;6.3;38.2;0.8;35.8;9.4
Segundo trimestre de 2011;Santiago del Estero;6.1;39.1;1.1;36.7;6.7
Tercer trimestre de 2012;Santiago del Estero;7.5;43.7;7.9;40.4;4.6
Tercer trimestre de 2011;Santiago del Estero;9.2;41.2;1.8;37.4;9.9
Cuarto trimestre de 2008;Santiago del Estero;3.1;38.5;2.4;37.3;6.3
Primer trimestre de 2013;Santiago del Estero;4.6;39.9;0.8;38.1;11.5
Tercer trimestre de 2003;Santiago del Estero;NA;NA;NA;NA;NA
Cuarto trimestre de 2010;Santiago del Estero;5.5;37.9;1.0;35.9;7.7
Segundo trimestre de 2012;Santiago del Estero;10.0;41.4;1.4;37.3;7.8
Primer trimestre de 2006;Santiago del Estero;NA;NA;NA;NA;NA
Primer trimestre de 2009;Santiago del Estero;5.2;38.7;1.0;36.7;5.0
Región Pampeana ;NA;NA;NA;NA;NA
Segundo trimestre de 2004;Región Pampeana ;15.3;45.4;4.4;38.5;10.6
Cuarto trimestre de 2003;Región Pampeana ;14.4;45.6;4.8;39.1;10.5
Tercer trimestre de 2010;Región Pampeana ;7.2;45.3;2.1;42.0;7.4
Segundo trimestre de 2006;Región Pampeana ;10.3;45.2;2.6;40.6;8.3
Segundo trimestre de 2005;Región Pampeana ;11.7;45.0;3.1;39.7;7.9
Segundo trimestre de 2003 (1);Región Pampeana ;18.4;45.3;7.1;36.9;10.5
Primer trimestre de 2007;Región Pampeana ;9.2;45.8;2.3;41.5;6.2
Primer trimestre de 2011;Región Pampeana ;7.8;46.2;2.0;42.6;5.9
Tercer trimestre de 2005;Región Pampeana ;10.9;45.2;3.2;40.2;8.1
Primer trimestre de 2008;Región Pampeana ;8.5;45.6;1.9;41.8;5.8
Tercer trimestre de 2008;Región Pampeana ;7.9;44.7;2.5;41.2;6.8
Primer trimestre de 2012;Región Pampeana ;7.9;46.1;2.0;42.4;5.4
Segundo trimestre de 2009;Región Pampeana ;10.2;45.2;2.6;40.6;8.1
Tercer trimestre de 2004;Región Pampeana ;13.0;45.2;3.8;39.3;9.1
Cuarto trimestre de 2012;Región Pampeana ;7.3;45.8;1.9;42.4;7.3
Primer trimestre de 2010;Región Pampeana ;9.4;46.0;2.5;41.6;7.7
Tercer trimestre de 2009;Región Pampeana ;9.6;45.9;3.0;41.5;7.9
Primer trimestre de 2004;Región Pampeana ;15.6;45.5;4.1;38.4;9.3
Primer trimestre de 2003;Región Pampeana ;21.1;45.3;5.4;35.8;10.0
Tercer trimestre de 2006 (2);Región Pampeana ;10.3;45.6;2.5;40.9;7.4
Segundo trimestre de 2007;Región Pampeana ;8.9;46.0;2.1;41.9;6.7
Tercer trimestre de 2007;Región Pampeana ;NA;NA;NA;NA;NA
Segundo trimestre de 2010;Región Pampeana ;9.2;45.6;2.4;41.4;7.4
Primer trimestre de 2005;Región Pampeana ;12.4;44.3;2.8;38.8;9.1
Cuarto trimestre de 2005;Región Pampeana ;10.1;45.2;2.5;40.7;8.5
Segundo trimestre de 2008;Región Pampeana ;8.6;45.8;1.9;41.9;7.1
Cuarto trimestre de 2004;Región Pampeana ;12.1;45.0;3.3;39.6;9.3
Cuarto trimestre de 2006 (2);Región Pampeana ;8.1;45.4;2.4;41.7;6.5
Cuarto trimestre de 2007;Región Pampeana ;8.4;45.7;2.3;41.8;6.1
Cuarto trimestre de 2009;Región Pampeana ;8.8;45.4;2.7;41.4;7.2
Cuarto trimestre de 2011;Región Pampeana ;6.9;45.6;1.7;42.4;6.4
Segundo trimestre de 2011;Región Pampeana ;7.7;46.1;2.0;42.6;6.0
Tercer trimestre de 2012;Región Pampeana ;7.9;45.8;2.7;42.2;6.5
Tercer trimestre de 2011;Región Pampeana ;7.9;45.9;2.2;42.2;6.4
Cuarto trimestre de 2008;Región Pampeana ;7.9;45.9;2.3;42.2;6.6
Primer trimestre de 2013;Región Pampeana ;8.2;46.1;1.9;42.3;5.8
Tercer trimestre de 2003;Región Pampeana ;16.4;44.5;5.4;37.2;10.1
Cuarto trimestre de 2010;Región Pampeana ;7.6;45.5;2.4;42.1;6.2
Segundo trimestre de 2012;Región Pampeana ;8.0;47.0;2.3;43.3;6.5
Primer trimestre de 2006;Región Pampeana ;11.0;44.4;2.1;39.5;7.5
Primer trimestre de 2009;Región Pampeana ;9.3;45.2;2.6;41.0;6.8
Bahía Blanca - Cerri (3);NA;NA;NA;NA;NA
Segundo trimestre de 2004;Bahía Blanca - Cerri (3);NA;NA;NA;NA;NA
Cuarto trimestre de 2003;Bahía Blanca - Cerri (3);NA;NA;NA;NA;NA
Tercer trimestre de 2010;Bahía Blanca - Cerri (3);7.4;46.5;1.7;43.1;4.1
Segundo trimestre de 2006;Bahía Blanca - Cerri (3);NA;NA;NA;NA;NA
Segundo trimestre de 2005;Bahía Blanca - Cerri (3);NA;NA;NA;NA;NA
Segundo trimestre de 2003 (1);Bahía Blanca - Cerri (3);NA;NA;NA;NA;NA
Primer trimestre de 2007;Bahía Blanca - Cerri (3);8.7;47.0;2.0;42.9;4.0
Primer trimestre de 2011;Bahía Blanca - Cerri (3);8.9;48.6;0.6;44.3;2.6
Tercer trimestre de 2005;Bahía Blanca - Cerri (3);NA;NA;NA;NA;NA
Primer trimestre de 2008;Bahía Blanca - Cerri (3);8.8;45.6;1.6;41.6;3.8
Tercer trimestre de 2008;Bahía Blanca - Cerri (3);6.1;43.6;1.7;41.0;3.5
Primer trimestre de 2012;Bahía Blanca - Cerri (3);5.7;47.4;0.9;44.7;3.2
Segundo trimestre de 2009;Bahía Blanca - Cerri (3);10.6;44.4;1.6;39.7;4.4
Tercer trimestre de 2004;Bahía Blanca - Cerri (3);NA;NA;NA;NA;NA
Cuarto trimestre de 2012;Bahía Blanca - Cerri (3);6.6;46.6;0.8;43.5;2.9
Primer trimestre de 2010;Bahía Blanca - Cerri (3);9.3;46.7;1.6;42.4;3.0
Tercer trimestre de 2009;Bahía Blanca - Cerri (3);8.1;45.8;1.3;42.1;4.1
Primer trimestre de 2004;Bahía Blanca - Cerri (3);NA;NA;NA;NA;NA
Primer trimestre de 2003;Bahía Blanca - Cerri (3);NA;NA;NA;NA;NA
Tercer trimestre de 2006 (2);Bahía Blanca - Cerri (3);10.2;44.7;1.8;40.1;3.9
Segundo trimestre de 2007;Bahía Blanca - Cerri (3);NA;NA;NA;NA;NA
Tercer trimestre de 2007;Bahía Blanca - Cerri (3);NA;NA;NA;NA;NA
Segundo trimestre de 2010;Bahía Blanca - Cerri (3);10.2;47.8;1.0;42.9;2.8
Primer trimestre de 2005;Bahía Blanca - Cerri (3);NA;NA;NA;NA;NA
Cuarto trimestre de 2005;Bahía Blanca - Cerri (3);NA;NA;NA;NA;NA
Segundo trimestre de 2008;Bahía Blanca - Cerri (3);8.2;43.4;1.0;39.9;3.2
Cuarto trimestre de 2004;Bahía Blanca - Cerri (3);NA;NA;NA;NA;NA
Cuarto trimestre de 2006 (2);Bahía Blanca - Cerri (3);10.3;46.5;3.4;41.7;4.1
Cuarto trimestre de 2007;Bahía Blanca - Cerri (3);,;,;,;,;,
Cuarto trimestre de 2009;Bahía Blanca - Cerri (3);9.5;46.2;1.4;41.8;3.4
Cuarto trimestre de 2011;Bahía Blanca - Cerri (3);7.8;46.3;0.4;42.7;4.0
Segundo trimestre de 2011;Bahía Blanca - Cerri (3);8.3;46.0;1.2;42.2;5.2
Tercer trimestre de 2012;Bahía Blanca - Cerri (3);9.9;43.6;0.9;39.3;3.0
Tercer trimestre de 2011;Bahía Blanca - Cerri (3);11.6;46.1;1.4;40.7;3.9
Cuarto trimestre de 2008;Bahía Blanca - Cerri (3);9.8;45.7;0.9;41.2;3.0
Primer trimestre de 2013;Bahía Blanca - Cerri (3);6.5;47.0;1.0;43.9;3.3
Tercer trimestre de 2003;Bahía Blanca - Cerri (3);NA;NA;NA;NA;NA
Cuarto trimestre de 2010;Bahía Blanca - Cerri (3);6.9;47.7;0.6;44.4;2.5
Segundo trimestre de 2012;Bahía Blanca - Cerri (3);9.1;46.5;0.5;42.3;4.2
Primer trimestre de 2006;Bahía Blanca - Cerri (3);NA;NA;NA;NA;NA
Primer trimestre de 2009;Bahía Blanca - Cerri (3);11.0;45.4;1.2;40.4;3.8
Concordia (3) entre rios;NA;NA;NA;NA;NA
Segundo trimestre de 2004;Concordia (3) entre rios;NA;NA;NA;NA;NA
Cuarto trimestre de 2003;Concordia (3) entre rios;NA;NA;NA;NA;NA
Tercer trimestre de 2010;Concordia (3) entre rios;6.0;39.7;3.0;37.4;9.1
Segundo trimestre de 2006;Concordia (3) entre rios;NA;NA;NA;NA;NA
Segundo trimestre de 2005;Concordia (3) entre rios;NA;NA;NA;NA;NA
Segundo trimestre de 2003 (1);Concordia (3) entre rios;NA;NA;NA;NA;NA
Primer trimestre de 2007;Concordia (3) entre rios;7.9;39.4;1.0;36.3;5.5
Primer trimestre de 2011;Concordia (3) entre rios;7.4;37.6;1.5;34.8;6.5
Tercer trimestre de 2005;Concordia (3) entre rios;NA;NA;NA;NA;NA
Primer trimestre de 2008;Concordia (3) entre rios;6.9;38.0;1.9;35.3;4.5
Tercer trimestre de 2008;Concordia (3) entre rios;6.9;37.0;0.8;34.4;6.7
Primer trimestre de 2012;Concordia (3) entre rios;5.9;37.9;1.9;35.7;5.8
Segundo trimestre de 2009;Concordia (3) entre rios;6.5;39.4;1.7;36.9;6.1
Tercer trimestre de 2004;Concordia (3) entre rios;NA;NA;NA;NA;NA
Cuarto trimestre de 2012;Concordia (3) entre rios;2.9;36.1;1.1;35.1;5.2
Primer trimestre de 2010;Concordia (3) entre rios;10.6;41.0;0.7;36.7;5.9
Tercer trimestre de 2009;Concordia (3) entre rios;6.9;38.0;0.9;35.4;6.9
Primer trimestre de 2004;Concordia (3) entre rios;NA;NA;NA;NA;NA
Primer trimestre de 2003;Concordia (3) entre rios;NA;NA;NA;NA;NA
Tercer trimestre de 2006 (2);Concordia (3) entre rios;9.3;41.2;3.4;37.4;6.9
Segundo trimestre de 2007;Concordia (3) entre rios;5.7;39.0;2.3;36.8;7.0
Tercer trimestre de 2007;Concordia (3) entre rios;6.7;38.5;1.3;35.9;6.5
Segundo trimestre de 2010;Concordia (3) entre rios;10.5;41.7;3.3;37.3;8.5
Primer trimestre de 2005;Concordia (3) entre rios;NA;NA;NA;NA;NA
Cuarto trimestre de 2005;Concordia (3) entre rios;NA;NA;NA;NA;NA
Segundo trimestre de 2008;Concordia (3) entre rios;6.8;38.3;1.5;35.7;6.6
Cuarto trimestre de 2004;Concordia (3) entre rios;NA;NA;NA;NA;NA
Cuarto trimestre de 2006 (2);Concordia (3) entre rios;6.2;40.9;2.4;38.4;5.8
Cuarto trimestre de 2007;Concordia (3) entre rios;6.1;37.8;1.3;35.5;6.3
Cuarto trimestre de 2009;Concordia (3) entre rios;5.6;40.5;2.4;38.2;5.4
Cuarto trimestre de 2011;Concordia (3) entre rios;5.1;38.5;1.5;36.6;3.7
Segundo trimestre de 2011;Concordia (3) entre rios;6.7;41.3;1.2;38.6;5.6
Tercer trimestre de 2012;Concordia (3) entre rios;4.5;39.2;0.9;37.4;6.5
Tercer trimestre de 2011;Concordia (3) entre rios;5.1;38.9;0.7;36.9;5.1
Cuarto trimestre de 2008;Concordia (3) entre rios;5.5;38.8;1.5;36.6;4.8
Primer trimestre de 2013;Concordia (3) entre rios;7.2;36.1;0.7;33.5;4.6
Tercer trimestre de 2003;Concordia (3) entre rios;NA;NA;NA;NA;NA
Cuarto trimestre de 2010;Concordia (3) entre rios;4.2;39.0;0.9;37.4;7.4
Segundo trimestre de 2012;Concordia (3) entre rios;5.5;40.8;1.5;38.5;8.9
Primer trimestre de 2006;Concordia (3) entre rios;NA;NA;NA;NA;NA
Primer trimestre de 2009;Concordia (3) entre rios;7.5;38.1;2.2;35.2;9.3
Córdoba;NA;NA;NA;NA;NA
Segundo trimestre de 2004;Córdoba;16.0;45.8;3.4;38.5;12.6
Cuarto trimestre de 2003;Córdoba;11.7;45.4;5.4;40.1;11.0
Tercer trimestre de 2010;Córdoba;7.0;45.7;1.7;42.4;10.3
Segundo trimestre de 2006;Córdoba;8.4;45.1;1.6;41.3;11.7
Segundo trimestre de 2005;Córdoba;12.3;44.2;1.3;38.7;6.8
Segundo trimestre de 2003 (1);Córdoba;19.5;45.1;7.6;36.3;12.6
Primer trimestre de 2007;Córdoba;9.7;47.6;1.5;43.0;8.9
Primer trimestre de 2011;Córdoba;8.4;48.9;1.8;44.7;7.3
Tercer trimestre de 2005;Córdoba;9.4;43.6;2.1;39.5;9.2
Primer trimestre de 2008;Córdoba;9.5;45.2;0.8;40.9;7.0
Tercer trimestre de 2008;Córdoba;5.7;45.5;1.9;42.9;8.6
Primer trimestre de 2012;Córdoba;9.4;46.2;1.8;41.8;8.3
Segundo trimestre de 2009;Córdoba;9.9;46.4;1.6;41.8;10.0
Tercer trimestre de 2004;Córdoba;11.9;43.7;2.9;38.5;11.9
Cuarto trimestre de 2012;Córdoba;7.7;48.3;2.0;44.6;10.8
Primer trimestre de 2010;Córdoba;9.3;45.6;2.3;41.3;8.0
Tercer trimestre de 2009;Córdoba;10.8;47.9;1.8;42.7;10.3
Primer trimestre de 2004;Córdoba;13.9;44.0;5.2;37.9;12.1
Primer trimestre de 2003;Córdoba;23.6;45.6;4.9;34.8;14.0
Tercer trimestre de 2006 (2);Córdoba;10.4;45.7;1.5;40.9;9.4
Segundo trimestre de 2007;Córdoba;7.7;47.0;1.7;43.4;8.1
Tercer trimestre de 2007;Córdoba;8.6;45.6;0.8;41.7;6.0
Segundo trimestre de 2010;Córdoba;8.4;45.0;2.1;41.2;9.5
Primer trimestre de 2005;Córdoba;12.4;42.3;2.3;37.1;9.9
Cuarto trimestre de 2005;Córdoba;8.7;45.0;1.6;41.1;11.5
Segundo trimestre de 2008;Córdoba;6.5;46.9;1.8;43.9;8.8
Cuarto trimestre de 2004;Córdoba;11.5;44.7;2.1;39.6;13.4
Cuarto trimestre de 2006 (2);Córdoba;6.9;44.7;1.5;41.7;8.3
Cuarto trimestre de 2007;Córdoba;8.6;45.7;1.5;41.8;7.2
Cuarto trimestre de 2009;Córdoba;9.4;44.6;1.8;40.4;9.0
Cuarto trimestre de 2011;Córdoba;6.1;45.6;1.9;42.8;8.6
Segundo trimestre de 2011;Córdoba;6.6;47.2;1.8;44.1;7.8
Tercer trimestre de 2012;Córdoba;8.9;48.5;3.1;44.2;7.6
Tercer trimestre de 2011;Córdoba;7.6;45.9;1.7;42.4;8.6
Cuarto trimestre de 2008;Córdoba;7.6;46.1;2.1;42.6;8.8
Primer trimestre de 2013;Córdoba;10.8;45.7;1.6;40.7;7.8
Tercer trimestre de 2003;Córdoba;14.7;43.1;6.0;36.8;10.2
Cuarto trimestre de 2010;Córdoba;7.5;45.5;1.2;42.1;7.1
Segundo trimestre de 2012;Córdoba;8.6;48.5;2.8;44.3;8.1
Primer trimestre de 2006;Córdoba;10.0;45.5;2.2;41.0;9.6
Primer trimestre de 2009;Córdoba;9.1;45.3;2.6;41.2;8.8
Gran La Plata ;NA;NA;NA;NA;NA
Segundo trimestre de 2004;Gran La Plata ;14.6;48.4;5.9;41.3;11.0
Cuarto trimestre de 2003;Gran La Plata ;13.7;48.4;5.0;41.8;12.3
Tercer trimestre de 2010;Gran La Plata ;4.7;45.7;2.1;43.5;4.5
Segundo trimestre de 2006;Gran La Plata ;13.4;47.8;2.0;41.4;8.3
Segundo trimestre de 2005;Gran La Plata ;12.1;46.9;3.7;41.2;10.5
Segundo trimestre de 2003 (1);Gran La Plata ;15.1;46.0;5.4;39.1;8.1
Primer trimestre de 2007;Gran La Plata ;8.1;49.8;3.2;45.7;5.4
Primer trimestre de 2011;Gran La Plata ;6.8;45.3;2.8;42.3;3.8
Tercer trimestre de 2005;Gran La Plata ;11.0;48.6;3.2;43.3;10.0
Primer trimestre de 2008;Gran La Plata ;9.4;48.6;1.5;44.0;7.1
Tercer trimestre de 2008;Gran La Plata ;8.8;43.8;3.6;40.0;4.8
Primer trimestre de 2012;Gran La Plata ;4.8;45.1;2.4;42.9;2.5
Segundo trimestre de 2009;Gran La Plata ;7.7;44.9;4.0;41.5;9.5
Tercer trimestre de 2004;Gran La Plata ;13.1;49.1;4.3;42.6;8.1
Cuarto trimestre de 2012;Gran La Plata ;4.9;43.7;1.8;41.6;6.8
Primer trimestre de 2010;Gran La Plata ;9.3;44.4;4.1;40.3;8.5
Tercer trimestre de 2009;Gran La Plata ;6.0;46.8;4.8;44.0;8.1
Primer trimestre de 2004;Gran La Plata ;18.2;49.2;2.3;40.2;7.2
Primer trimestre de 2003;Gran La Plata ;19.7;45.9;4.5;36.8;5.5
Tercer trimestre de 2006 (2);Gran La Plata ;12.4;49.2;3.1;43.1;8.2
Segundo trimestre de 2007;Gran La Plata ;8.0;48.3;3.7;44.5;8.0
Tercer trimestre de 2007;Gran La Plata ;NA;NA;NA;NA;NA
Segundo trimestre de 2010;Gran La Plata ;8.9;45.3;2.5;41.3;5.5
Primer trimestre de 2005;Gran La Plata ;13.5;47.5;2.5;41.1;10.4
Cuarto trimestre de 2005;Gran La Plata ;11.5;49.1;4.0;43.5;7.9
Segundo trimestre de 2008;Gran La Plata ;8.9;46.2;2.7;42.1;8.2
Cuarto trimestre de 2004;Gran La Plata ;10.9;48.2;4.9;43.0;10.5
Cuarto trimestre de 2006 (2);Gran La Plata ;9.6;49.4;3.7;44.6;5.1
Cuarto trimestre de 2007;Gran La Plata ;7.4;47.2;4.1;43.7;6.0
Cuarto trimestre de 2009;Gran La Plata ;7.6;47.5;2.5;43.9;7.0
Cuarto trimestre de 2011;Gran La Plata ;5.6;45.4;1.9;42.8;6.4
Segundo trimestre de 2011;Gran La Plata ;6.3;45.5;3.3;42.6;5.1
Tercer trimestre de 2012;Gran La Plata ;6.0;45.9;3.5;43.1;6.6
Tercer trimestre de 2011;Gran La Plata ;6.5;45.9;3.2;42.9;6.1
Cuarto trimestre de 2008;Gran La Plata ;7.4;48.3;3.1;44.7;4.7
Primer trimestre de 2013;Gran La Plata ;4.1;45.7;2.8;43.8;6.0
Tercer trimestre de 2003;Gran La Plata ;15.2;48.9;5.0;41.5;10.0
Cuarto trimestre de 2010;Gran La Plata ;5.7;45.3;3.2;42.8;2.4
Segundo trimestre de 2012;Gran La Plata ;5.8;47.4;2.4;44.7;5.0
Primer trimestre de 2006;Gran La Plata ;12.2;44.5;1.4;39.1;7.2
Primer trimestre de 2009;Gran La Plata ;6.8;47.0;4.0;43.8;7.0
Gran Rosario santa fe;NA;NA;NA;NA;NA
Segundo trimestre de 2004;Gran Rosario santa fe;15.7;44.7;3.7;37.7;9.4
Cuarto trimestre de 2003;Gran Rosario santa fe;16.6;44.3;3.5;36.9;8.5
Tercer trimestre de 2010;Gran Rosario santa fe;8.0;46.0;2.8;42.3;5.7
Segundo trimestre de 2006;Gran Rosario santa fe;12.8;45.9;2.1;40.1;6.5
Segundo trimestre de 2005;Gran Rosario santa fe;12.4;46.0;1.8;40.2;7.0
Segundo trimestre de 2003 (1);Gran Rosario santa fe;22.9;44.6;7.0;34.4;8.5
Primer trimestre de 2007;Gran Rosario santa fe;10.4;45.9;2.2;41.1;4.7
Primer trimestre de 2011;Gran Rosario santa fe;7.0;46.4;2.1;43.2;6.9
Tercer trimestre de 2005;Gran Rosario santa fe;12.4;46.3;1.6;40.6;6.8
Primer trimestre de 2008;Gran Rosario santa fe;8.3;46.3;2.4;42.5;4.5
Tercer trimestre de 2008;Gran Rosario santa fe;9.4;46.1;1.5;41.7;5.9
Primer trimestre de 2012;Gran Rosario santa fe;9.8;47.7;2.6;43.1;4.8
Segundo trimestre de 2009;Gran Rosario santa fe;10.8;45.5;3.1;40.6;6.8
Tercer trimestre de 2004;Gran Rosario santa fe;16.2;46.0;2.4;38.5;7.3
Cuarto trimestre de 2012;Gran Rosario santa fe;8.6;47.4;2.3;43.3;5.3
Primer trimestre de 2010;Gran Rosario santa fe;10.8;48.2;2.8;43.0;8.3
Tercer trimestre de 2009;Gran Rosario santa fe;10.3;46.1;3.0;41.4;6.1
Primer trimestre de 2004;Gran Rosario santa fe;17.2;44.3;3.0;36.7;7.7
Primer trimestre de 2003;Gran Rosario santa fe;22.4;44.1;6.1;34.2;10.1
Tercer trimestre de 2006 (2);Gran Rosario santa fe;11.2;47.3;1.9;42.0;6.4
Segundo trimestre de 2007;Gran Rosario santa fe;11.2;46.5;1.0;41.3;4.6
Tercer trimestre de 2007;Gran Rosario santa fe;10.4;46.7;1.6;41.9;5.7
Segundo trimestre de 2010;Gran Rosario santa fe;9.0;46.8;2.9;42.6;6.6
Primer trimestre de 2005;Gran Rosario santa fe;14.0;43.4;2.0;37.3;8.7
Cuarto trimestre de 2005;Gran Rosario santa fe;11.7;45.6;1.6;40.3;6.7
Segundo trimestre de 2008;Gran Rosario santa fe;9.7;48.2;1.5;43.5;5.8
Cuarto trimestre de 2004;Gran Rosario santa fe;14.4;44.3;2.8;38.0;6.4
Cuarto trimestre de 2006 (2);Gran Rosario santa fe;9.5;46.8;1.9;42.4;6.1
Cuarto trimestre de 2007;Gran Rosario santa fe;9.0;47.4;1.2;43.1;6.1
Cuarto trimestre de 2009;Gran Rosario santa fe;10.6;46.4;3.8;41.5;5.3
Cuarto trimestre de 2011;Gran Rosario santa fe;8.1;47.1;1.5;43.3;4.1
Segundo trimestre de 2011;Gran Rosario santa fe;7.4;47.0;2.3;43.5;4.5
Tercer trimestre de 2012;Gran Rosario santa fe;7.7;45.9;4.5;42.3;5.0
Tercer trimestre de 2011;Gran Rosario santa fe;7.8;46.4;3.2;42.7;4.9
Cuarto trimestre de 2008;Gran Rosario santa fe;7.7;46.1;1.7;42.6;6.5
Primer trimestre de 2013;Gran Rosario santa fe;8.6;49.0;2.0;44.8;5.4
Tercer trimestre de 2003;Gran Rosario santa fe;19.4;44.4;4.7;35.8;10.0
Cuarto trimestre de 2010;Gran Rosario santa fe;7.8;45.9;3.2;42.3;6.5
Segundo trimestre de 2012;Gran Rosario santa fe;8.3;47.4;2.8;43.5;4.2
Primer trimestre de 2006;Gran Rosario santa fe;14.6;45.0;1.0;38.4;7.2
Primer trimestre de 2009;Gran Rosario santa fe;10.8;48.1;2.6;42.9;5.7
Entre Ríos;NA;NA;NA;NA;NA
Segundo trimestre de 2004;Entre Ríos;NA;NA;NA;NA;NA
Cuarto trimestre de 2003;Entre Ríos;NA;NA;NA;NA;NA
Tercer trimestre de 2010;Entre Ríos;9.2;44.6;1.9;40.5;9.8
Segundo trimestre de 2006;Entre Ríos;NA;NA;NA;NA;NA
Segundo trimestre de 2005;Entre Ríos;NA;NA;NA;NA;NA
Segundo trimestre de 2003 (1);Entre Ríos;NA;NA;NA;NA;NA
Primer trimestre de 2007;Entre Ríos;6.4;42.0;2.6;39.3;5.5
Primer trimestre de 2011;Entre Ríos;11.9;45.0;2.9;39.6;8.8
Tercer trimestre de 2005;Entre Ríos;NA;NA;NA;NA;NA
Primer trimestre de 2008;Entre Ríos;4.5;45.1;1.1;43.1;3.3
Tercer trimestre de 2008;Entre Ríos;7.7;41.6;4.2;38.4;4.9
Primer trimestre de 2012;Entre Ríos;8.5;45.1;1.7;41.3;7.8
Segundo trimestre de 2009;Entre Ríos;7.5;41.5;4.4;38.4;8.0
Tercer trimestre de 2004;Entre Ríos;NA;NA;NA;NA;NA
Cuarto trimestre de 2012;Entre Ríos;7.8;46.3;0.9;42.7;10.3
Primer trimestre de 2010;Entre Ríos;6.7;42.9;5.3;40.1;7.9
Tercer trimestre de 2009;Entre Ríos;6.4;41.8;5.1;39.1;7.3
Primer trimestre de 2004;Entre Ríos;NA;NA;NA;NA;NA
Primer trimestre de 2003;Entre Ríos;NA;NA;NA;NA;NA
Tercer trimestre de 2006 (2);Entre Ríos;5.2;40.2;2.1;38.1;5.9
Segundo trimestre de 2007;Entre Ríos;5.6;41.1;2.5;39.1;4.0
Tercer trimestre de 2007;Entre Ríos;5.8;40.0;1.0;37.7;3.8
Segundo trimestre de 2010;Entre Ríos;12.2;46.9;4.3;41.2;8.0
Primer trimestre de 2005;Entre Ríos;NA;NA;NA;NA;NA
Cuarto trimestre de 2005;Entre Ríos;NA;NA;NA;NA;NA
Segundo trimestre de 2008;Entre Ríos;4.5;40.7;0.7;38.9;3.1
Cuarto trimestre de 2004;Entre Ríos;NA;NA;NA;NA;NA
Cuarto trimestre de 2006 (2);Entre Ríos;7.1;40.7;2.8;37.8;4.0
Cuarto trimestre de 2007;Entre Ríos;4.6;42.1;1.5;40.2;2.7
Cuarto trimestre de 2009;Entre Ríos;5.4;42.3;3.6;40.0;6.7
Cuarto trimestre de 2011;Entre Ríos;8.5;46.6;1.2;42.6;7.6
Segundo trimestre de 2011;Entre Ríos;11.0;46.1;2.1;41.1;7.9
Tercer trimestre de 2012;Entre Ríos;10.1;47.7;0.8;42.9;8.1
Tercer trimestre de 2011;Entre Ríos;8.9;47.0;2.5;42.8;8.8
Cuarto trimestre de 2008;Entre Ríos;5.8;43.1;3.7;40.6;5.5
Primer trimestre de 2013;Entre Ríos;10.6;44.5;1.2;39.8;6.7
Tercer trimestre de 2003;Entre Ríos;NA;NA;NA;NA;NA
Cuarto trimestre de 2010;Entre Ríos;11.0;44.5;2.9;39.6;7.4
Segundo trimestre de 2012;Entre Ríos;9.1;46.5;0.9;42.2;14.6
Primer trimestre de 2006;Entre Ríos;NA;NA;NA;NA;NA
Primer trimestre de 2009;Entre Ríos;8.6;41.4;3.0;37.8;4.8
Santa Fe;NA;NA;NA;NA;NA
Segundo trimestre de 2004;Santa Fe;NA;NA;NA;NA;NA
Cuarto trimestre de 2003;Santa Fe;NA;NA;NA;NA;NA
Tercer trimestre de 2010;Santa Fe;6.5;42.8;1.3;40.0;11.0
Segundo trimestre de 2006;Santa Fe;NA;NA;NA;NA;NA
Segundo trimestre de 2005;Santa Fe;NA;NA;NA;NA;NA
Segundo trimestre de 2003 (1);Santa Fe;NA;NA;NA;NA;NA
Primer trimestre de 2007;Santa Fe;8.5;39.9;1.3;36.5;8.4
Primer trimestre de 2011;Santa Fe;6.9;43.2;0.8;40.2;5.2
Tercer trimestre de 2005;Santa Fe;NA;NA;NA;NA;NA
Primer trimestre de 2008;Santa Fe;9.1;44.1;2.0;40.1;9.7
Tercer trimestre de 2008;Santa Fe;11.4;43.7;1.2;38.7;10.0
Primer trimestre de 2012;Santa Fe;6.6;44.9;2.3;41.9;6.4
Segundo trimestre de 2009;Santa Fe;11.1;43.2;2.6;38.4;11.6
Tercer trimestre de 2004;Santa Fe;NA;NA;NA;NA;NA
Cuarto trimestre de 2012;Santa Fe;6.9;43.6;2.2;40.6;4.4
Primer trimestre de 2010;Santa Fe;9.6;45.4;1.8;41.1;9.4
Tercer trimestre de 2009;Santa Fe;13.0;43.3;2.8;37.7;10.5
Primer trimestre de 2004;Santa Fe;NA;NA;NA;NA;NA
Primer trimestre de 2003;Santa Fe;NA;NA;NA;NA;NA
Tercer trimestre de 2006 (2);Santa Fe;7.3;39.6;1.1;36.7;9.7
Segundo trimestre de 2007;Santa Fe;9.4;41.0;0.8;37.2;8.3
Tercer trimestre de 2007;Santa Fe;7.3;39.8;0.3;36.9;7.6
Segundo trimestre de 2010;Santa Fe;11.4;42.7;1.8;37.8;9.4
Primer trimestre de 2005;Santa Fe;NA;NA;NA;NA;NA
Cuarto trimestre de 2005;Santa Fe;NA;NA;NA;NA;NA
Segundo trimestre de 2008;Santa Fe;12.6;43.8;1.3;38.3;9.8
Cuarto trimestre de 2004;Santa Fe;NA;NA;NA;NA;NA
Cuarto trimestre de 2006 (2);Santa Fe;8.4;41.7;1.7;38.2;7.8
Cuarto trimestre de 2007;Santa Fe;9.1;41.4;0.6;37.6;8.1
Cuarto trimestre de 2009;Santa Fe;7.5;44.2;2.1;40.8;12.6
Cuarto trimestre de 2011;Santa Fe;5.7;42.3;1.5;39.8;6.2
Segundo trimestre de 2011;Santa Fe;8.3;44.4;1.3;40.7;7.8
Tercer trimestre de 2012;Santa Fe;7.5;44.3;0.5;41.0;7.6
Tercer trimestre de 2011;Santa Fe;9.5;43.3;0.8;39.2;6.2
Cuarto trimestre de 2008;Santa Fe;9.1;44.2;0.7;40.2;7.4
Primer trimestre de 2013;Santa Fe;8.1;43.2;2.7;39.7;3.6
Tercer trimestre de 2003;Santa Fe;NA;NA;NA;NA;NA
Cuarto trimestre de 2010;Santa Fe;8.8;43.5;0.9;39.7;11.7
Segundo trimestre de 2012;Santa Fe;7.5;45.0;1.9;41.6;6.4
Primer trimestre de 2006;Santa Fe;NA;NA;NA;NA;NA
Primer trimestre de 2009;Santa Fe;11.9;42.9;0.6;37.8;8.7
Mar del Plata - Batán     ;NA;NA;NA;NA;NA
Segundo trimestre de 2004;Mar del Plata - Batán     ;13.6;47.3;7.0;40.9;9.2
Cuarto trimestre de 2003;Mar del Plata - Batán     ;15.9;49.1;6.1;41.3;10.1
Tercer trimestre de 2010;Mar del Plata - Batán     ;8.0;46.4;2.9;42.7;7.3
Segundo trimestre de 2006;Mar del Plata - Batán     ;11.6;48.3;6.6;42.7;6.9
Segundo trimestre de 2005;Mar del Plata - Batán     ;12.9;47.5;6.2;41.4;8.5
Segundo trimestre de 2003 (1);Mar del Plata - Batán     ;16.5;48.9;9.7;40.8;11.2
Primer trimestre de 2007;Mar del Plata - Batán     ;9.4;46.0;3.5;41.7;4.9
Primer trimestre de 2011;Mar del Plata - Batán     ;7.8;46.9;2.9;43.2;5.2
Tercer trimestre de 2005;Mar del Plata - Batán     ;13.3;48.7;7.8;42.3;7.1
Primer trimestre de 2008;Mar del Plata - Batán     ;7.6;46.8;3.1;43.2;5.1
Tercer trimestre de 2008;Mar del Plata - Batán     ;8.3;46.2;5.5;42.4;8.3
Primer trimestre de 2012;Mar del Plata - Batán     ;8.1;47.8;2.4;44.0;4.6
Segundo trimestre de 2009;Mar del Plata - Batán     ;14.4;49.1;2.6;42.0;7.0
Tercer trimestre de 2004;Mar del Plata - Batán     ;11.9;46.7;7.1;41.2;7.4
Cuarto trimestre de 2012;Mar del Plata - Batán     ;9.5;45.0;3.0;40.7;9.2
Primer trimestre de 2010;Mar del Plata - Batán     ;8.5;48.5;1.8;44.4;9.2
Tercer trimestre de 2009;Mar del Plata - Batán     ;11.6;46.5;5.1;41.0;8.7
Primer trimestre de 2004;Mar del Plata - Batán     ;13.1;51.8;6.5;45.0;8.5
Primer trimestre de 2003;Mar del Plata - Batán     ;18.1;50.6;6.9;41.5;7.5
Tercer trimestre de 2006 (2);Mar del Plata - Batán     ;11.4;48.6;6.2;43.0;6.1
Segundo trimestre de 2007;Mar del Plata - Batán     ;10.9;48.3;3.5;43.0;7.4
Tercer trimestre de 2007;Mar del Plata - Batán     ;NA;NA;NA;NA;NA
Segundo trimestre de 2010;Mar del Plata - Batán     ;8.3;47.4;3.2;43.5;9.8
Primer trimestre de 2005;Mar del Plata - Batán     ;12.2;50.4;5.6;44.3;7.4
Cuarto trimestre de 2005;Mar del Plata - Batán     ;12.2;50.3;5.6;44.2;7.0
Segundo trimestre de 2008;Mar del Plata - Batán     ;10.3;45.6;3.3;40.9;7.4
Cuarto trimestre de 2004;Mar del Plata - Batán     ;13.5;49.8;6.3;43.0;9.5
Cuarto trimestre de 2006 (2);Mar del Plata - Batán     ;6.5;46.5;3.1;43.5;7.5
Cuarto trimestre de 2007;Mar del Plata - Batán     ;10.9;49.0;4.9;43.7;5.9
Cuarto trimestre de 2009;Mar del Plata - Batán     ;9.2;47.0;3.9;42.7;8.5
Cuarto trimestre de 2011;Mar del Plata - Batán     ;7.7;48.0;3.2;44.3;9.2
Segundo trimestre de 2011;Mar del Plata - Batán     ;11.0;47.1;2.1;42.0;6.4
Tercer trimestre de 2012;Mar del Plata - Batán     ;8.3;43.5;2.2;39.9;8.3
Tercer trimestre de 2011;Mar del Plata - Batán     ;9.3;49.4;2.4;44.8;6.8
Cuarto trimestre de 2008;Mar del Plata - Batán     ;10.1;47.9;4.3;43.1;8.0
Primer trimestre de 2013;Mar del Plata - Batán     ;9.0;49.1;2.5;44.7;6.5
Tercer trimestre de 2003;Mar del Plata - Batán     ;16.8;44.1;7.0;36.7;8.4
Cuarto trimestre de 2010;Mar del Plata - Batán     ;8.7;49.2;4.6;44.9;5.4
Segundo trimestre de 2012;Mar del Plata - Batán     ;9.9;48.1;3.7;43.3;8.3
Primer trimestre de 2006;Mar del Plata - Batán     ;10.4;48.5;5.0;43.5;6.3
Primer trimestre de 2009;Mar del Plata - Batán     ;8.7;44.3;3.0;40.4;6.6
Río Cuarto (3) cordoba;NA;NA;NA;NA;NA
Segundo trimestre de 2004;Río Cuarto (3) cordoba;NA;NA;NA;NA;NA
Cuarto trimestre de 2003;Río Cuarto (3) cordoba;NA;NA;NA;NA;NA
Tercer trimestre de 2010;Río Cuarto (3) cordoba;10.2;45.4;1.7;40.8;6.2
Segundo trimestre de 2006;Río Cuarto (3) cordoba;NA;NA;NA;NA;NA
Segundo trimestre de 2005;Río Cuarto (3) cordoba;NA;NA;NA;NA;NA
Segundo trimestre de 2003 (1);Río Cuarto (3) cordoba;NA;NA;NA;NA;NA
Primer trimestre de 2007;Río Cuarto (3) cordoba;10.4;45.2;3.7;40.5;6.8
Primer trimestre de 2011;Río Cuarto (3) cordoba;8.8;47.5;2.0;43.3;5.0
Tercer trimestre de 2005;Río Cuarto (3) cordoba;NA;NA;NA;NA;NA
Primer trimestre de 2008;Río Cuarto (3) cordoba;9.7;42.0;3.8;38.0;3.3
Tercer trimestre de 2008;Río Cuarto (3) cordoba;7.8;44.4;3.2;40.9;3.5
Primer trimestre de 2012;Río Cuarto (3) cordoba;4.8;46.3;0.5;44.1;2.0
Segundo trimestre de 2009;Río Cuarto (3) cordoba;9.5;44.8;3.3;40.5;3.9
Tercer trimestre de 2004;Río Cuarto (3) cordoba;NA;NA;NA;NA;NA
Cuarto trimestre de 2012;Río Cuarto (3) cordoba;6.2;46.7;0.2;43.9;6.4
Primer trimestre de 2010;Río Cuarto (3) cordoba;10.3;47.8;1.1;42.8;3.9
Tercer trimestre de 2009;Río Cuarto (3) cordoba;9.6;46.6;1.7;42.1;3.3
Primer trimestre de 2004;Río Cuarto (3) cordoba;NA;NA;NA;NA;NA
Primer trimestre de 2003;Río Cuarto (3) cordoba;NA;NA;NA;NA;NA
Tercer trimestre de 2006 (2);Río Cuarto (3) cordoba;9.1;45.0;3.1;40.9;4.8
Segundo trimestre de 2007;Río Cuarto (3) cordoba;10.4;45.6;2.5;40.9;6.9
Tercer trimestre de 2007;Río Cuarto (3) cordoba;8.9;44.8;1.2;40.8;5.0
Segundo trimestre de 2010;Río Cuarto (3) cordoba;11.2;46.4;0.9;41.2;4.0
Primer trimestre de 2005;Río Cuarto (3) cordoba;NA;NA;NA;NA;NA
Cuarto trimestre de 2005;Río Cuarto (3) cordoba;NA;NA;NA;NA;NA
Segundo trimestre de 2008;Río Cuarto (3) cordoba;9.7;45.2;3.2;40.8;3.3
Cuarto trimestre de 2004;Río Cuarto (3) cordoba;NA;NA;NA;NA;NA
Cuarto trimestre de 2006 (2);Río Cuarto (3) cordoba;8.7;46.0;3.8;42.0;6.5
Cuarto trimestre de 2007;Río Cuarto (3) cordoba;7.8;44.8;3.2;41.3;4.0
Cuarto trimestre de 2009;Río Cuarto (3) cordoba;10.7;46.4;2.2;41.4;3.9
Cuarto trimestre de 2011;Río Cuarto (3) cordoba;7.6;46.5;0.9;43.0;3.8
Segundo trimestre de 2011;Río Cuarto (3) cordoba;7.5;46.8;1.6;43.3;3.0
Tercer trimestre de 2012;Río Cuarto (3) cordoba;7.6;47.9;0.9;44.3;7.7
Tercer trimestre de 2011;Río Cuarto (3) cordoba;7.6;46.2;2.4;42.7;5.2
Cuarto trimestre de 2008;Río Cuarto (3) cordoba;5.8;45.3;2.9;42.6;3.3
Primer trimestre de 2013;Río Cuarto (3) cordoba;4.2;47.1;0.6;45.1;6.5
Tercer trimestre de 2003;Río Cuarto (3) cordoba;NA;NA;NA;NA;NA
Cuarto trimestre de 2010;Río Cuarto (3) cordoba;8.7;46.5;1.6;42.5;6.9
Segundo trimestre de 2012;Río Cuarto (3) cordoba;6.7;46.0;0.1;42.9;3.9
Primer trimestre de 2006;Río Cuarto (3) cordoba;NA;NA;NA;NA;NA
Primer trimestre de 2009;Río Cuarto (3) cordoba;8.1;42.6;3.1;39.2;3.4
Segundo trimestre de 2004;La Pampa;NA;NA;NA;NA;NA
Cuarto trimestre de 2003;La Pampa;NA;NA;NA;NA;NA
Tercer trimestre de 2010;La Pampa;5.1;45.6;0.4;43.3;5.5
Segundo trimestre de 2006;La Pampa;NA;NA;NA;NA;NA
Segundo trimestre de 2005;La Pampa;NA;NA;NA;NA;NA
Segundo trimestre de 2003 (1);La Pampa;NA;NA;NA;NA;NA
Primer trimestre de 2007;La Pampa;6.7;40.2;1.5;37.5;4.6
Primer trimestre de 2011;La Pampa;4.4;43.0;1.3;41.1;1.4
Tercer trimestre de 2005;La Pampa;NA;NA;NA;NA;NA
Primer trimestre de 2008;La Pampa;4.4;45.0;2.1;43.0;5.3
Tercer trimestre de 2008;La Pampa;4.1;45.2;1.7;43.4;7.4
Primer trimestre de 2012;La Pampa;1.7;44.7;0.6;44.0;1.6
Segundo trimestre de 2009;La Pampa;6.1;44.2;1.9;41.4;4.3
Tercer trimestre de 2004;La Pampa;NA;NA;NA;NA;NA
Cuarto trimestre de 2012;La Pampa;1.4;41.1;0.2;40.5;2.1
Primer trimestre de 2010;La Pampa;3.6;42.8;2.0;41.3;4.6
Tercer trimestre de 2009;La Pampa;3.1;46.6;1.6;45.2;3.8
Primer trimestre de 2004;La Pampa;NA;NA;NA;NA;NA
Primer trimestre de 2003;La Pampa;NA;NA;NA;NA;NA
Tercer trimestre de 2006 (2);La Pampa;6.6;42.8;1.6;40.0;8.0
Segundo trimestre de 2007;La Pampa;4.5;44.3;2.7;42.3;4.5
Tercer trimestre de 2007;La Pampa;5.7;44.7;3.1;42.1;7.8
Segundo trimestre de 2010;La Pampa;3.7;43.8;1.7;42.1;3.0
Primer trimestre de 2005;La Pampa;NA;NA;NA;NA;NA
Cuarto trimestre de 2005;La Pampa;NA;NA;NA;NA;NA
Segundo trimestre de 2008;La Pampa;5.9;44.8;2.1;42.1;5.5
Cuarto trimestre de 2004;La Pampa;NA;NA;NA;NA;NA
Cuarto trimestre de 2006 (2);La Pampa;5.2;43.0;2.7;40.7;4.3
Cuarto trimestre de 2007;La Pampa;5.3;45.4;3.0;43.0;3.6
Cuarto trimestre de 2009;La Pampa;2.7;45.4;2.9;44.2;2.0
Cuarto trimestre de 2011;La Pampa;1.8;43.1;1.0;42.3;2.9
Segundo trimestre de 2011;La Pampa;4.2;44.1;0.7;42.2;1.6
Tercer trimestre de 2012;La Pampa;1.1;43.0;0.3;42.5;1.0
Tercer trimestre de 2011;La Pampa;1.7;45.0;1.0;44.3;3.4
Cuarto trimestre de 2008;La Pampa;3.9;43.2;1.7;41.5;5.7
Primer trimestre de 2013;La Pampa;2.3;42.4;0.2;41.4;1.8
Tercer trimestre de 2003;La Pampa;NA;NA;NA;NA;NA
Cuarto trimestre de 2010;La Pampa;2.3;44.0;1.1;43.0;5.0
Segundo trimestre de 2012;La Pampa;3.1;44.0;0.3;42.6;1.0
Primer trimestre de 2006;La Pampa;NA;NA;NA;NA;NA
Primer trimestre de 2009;La Pampa;3.0;39.9;3.2;38.7;4.3
San Nicolás - Villa Constitución (3) santa fe;NA;NA;NA;NA;NA
Segundo trimestre de 2004;San Nicolás - Villa Constitución (3) santa fe;NA;NA;NA;NA;NA
Cuarto trimestre de 2003;San Nicolás - Villa Constitución (3) santa fe;NA;NA;NA;NA;NA
Tercer trimestre de 2010;San Nicolás - Villa Constitución (3) santa fe;7.2;41.3;1.6;38.4;4.5
Segundo trimestre de 2006;San Nicolás - Villa Constitución (3) santa fe;NA;NA;NA;NA;NA
Segundo trimestre de 2005;San Nicolás - Villa Constitución (3) santa fe;NA;NA;NA;NA;NA
Segundo trimestre de 2003 (1);San Nicolás - Villa Constitución (3) santa fe;NA;NA;NA;NA;NA
Primer trimestre de 2007;San Nicolás - Villa Constitución (3) santa fe;10.0;42.8;3.1;38.5;3.5
Primer trimestre de 2011;San Nicolás - Villa Constitución (3) santa fe;7.1;39.2;0.9;36.4;3.6
Tercer trimestre de 2005;San Nicolás - Villa Constitución (3) santa fe;NA;NA;NA;NA;NA
Primer trimestre de 2008;San Nicolás - Villa Constitución (3) santa fe;7.7;43.6;2.6;40.3;1.8
Tercer trimestre de 2008;San Nicolás - Villa Constitución (3) santa fe;7.9;43.5;1.8;40.1;2.9
Primer trimestre de 2012;San Nicolás - Villa Constitución (3) santa fe;10.1;42.0;0.2;37.7;3.7
Segundo trimestre de 2009;San Nicolás - Villa Constitución (3) santa fe;9.4;39.9;2.0;36.1;4.4
Tercer trimestre de 2004;San Nicolás - Villa Constitución (3) santa fe;NA;NA;NA;NA;NA
Cuarto trimestre de 2012;San Nicolás - Villa Constitución (3) santa fe;6.1;40.2;0.9;37.8;4.3
Primer trimestre de 2010;San Nicolás - Villa Constitución (3) santa fe;8.6;40.4;1.0;36.9;2.8
Tercer trimestre de 2009;San Nicolás - Villa Constitución (3) santa fe;8.2;41.7;1.5;38.3;4.6
Primer trimestre de 2004;San Nicolás - Villa Constitución (3) santa fe;NA;NA;NA;NA;NA
Primer trimestre de 2003;San Nicolás - Villa Constitución (3) santa fe;NA;NA;NA;NA;NA
Tercer trimestre de 2006 (2);San Nicolás - Villa Constitución (3) santa fe;6.4;39.5;2.7;36.9;4.1
Segundo trimestre de 2007;San Nicolás - Villa Constitución (3) santa fe;6.8;44.2;4.5;41.2;4.4
Tercer trimestre de 2007;San Nicolás - Villa Constitución (3) santa fe;8.4;42.8;2.4;39.2;4.9
Segundo trimestre de 2010;San Nicolás - Villa Constitución (3) santa fe;8.8;42.3;1.4;38.6;3.4
Primer trimestre de 2005;San Nicolás - Villa Constitución (3) santa fe;NA;NA;NA;NA;NA
Cuarto trimestre de 2005;San Nicolás - Villa Constitución (3) santa fe;NA;NA;NA;NA;NA
Segundo trimestre de 2008;San Nicolás - Villa Constitución (3) santa fe;8.1;44.0;2.7;40.4;5.8
Cuarto trimestre de 2004;San Nicolás - Villa Constitución (3) santa fe;NA;NA;NA;NA;NA
Cuarto trimestre de 2006 (2);San Nicolás - Villa Constitución (3) santa fe;6.8;41.4;2.1;38.6;3.7
Cuarto trimestre de 2007;San Nicolás - Villa Constitución (3) santa fe;6.7;42.1;4.1;39.3;2.9
Cuarto trimestre de 2009;San Nicolás - Villa Constitución (3) santa fe;5.8;41.1;1.3;38.7;4.5
Cuarto trimestre de 2011;San Nicolás - Villa Constitución (3) santa fe;8.8;40.3;0.6;36.7;5.0
Segundo trimestre de 2011;San Nicolás - Villa Constitución (3) santa fe;7.4;40.7;0.8;37.7;2.8
Tercer trimestre de 2012;San Nicolás - Villa Constitución (3) santa fe;10.1;41.7;1.5;37.5;2.8
Tercer trimestre de 2011;San Nicolás - Villa Constitución (3) santa fe;6.6;41.2;1.7;38.5;3.8
Cuarto trimestre de 2008;San Nicolás - Villa Constitución (3) santa fe;8.4;43.0;2.6;39.4;3.4
Primer trimestre de 2013;San Nicolás - Villa Constitución (3) santa fe;5.4;39.0;0.7;36.9;2.3
Tercer trimestre de 2003;San Nicolás - Villa Constitución (3) santa fe;NA;NA;NA;NA;NA
Cuarto trimestre de 2010;San Nicolás - Villa Constitución (3) santa fe;7.8;41.3;1.7;38.1;6.2
Segundo trimestre de 2012;San Nicolás - Villa Constitución (3) santa fe;6.2;42.9;0.9;40.3;4.7
Primer trimestre de 2006;San Nicolás - Villa Constitución (3) santa fe;NA;NA;NA;NA;NA
Primer trimestre de 2009;San Nicolás - Villa Constitución (3) santa fe;8.9;42.4;2.1;38.7;4.3
Segundo trimestre de 2004;Región Patagónica ;7.5;44.3;2.4;41.0;5.2
Cuarto trimestre de 2003;Región Patagónica ;8.6;41.2;1.5;37.7;4.2
Tercer trimestre de 2010;Región Patagónica ;4.9;43.5;1.5;41.4;3.3
Segundo trimestre de 2006;Región Patagónica ;8.1;47.0;2.3;43.2;4.4
Segundo trimestre de 2005;Región Patagónica ;7.1;43.5;1.8;40.4;3.0
Segundo trimestre de 2003 (1);Región Patagónica ;10.1;41.9;1.8;37.7;5.7
Primer trimestre de 2007;Región Patagónica ;6.1;45.1;1.7;42.4;2.8
Primer trimestre de 2011;Región Patagónica ;6.1;44.9;1.3;42.2;2.5
Tercer trimestre de 2005;Región Patagónica ;7.0;43.8;1.3;40.8;4.1
Primer trimestre de 2008;Región Patagónica ;6.1;44.9;1.3;42.2;2.0
Tercer trimestre de 2008;Región Patagónica ;6.2;45.0;1.3;42.2;2.9
Primer trimestre de 2012;Región Patagónica ;6.0;44.9;1.0;42.2;2.4
Segundo trimestre de 2009;Región Patagónica ;8.1;44.9;1.5;41.2;3.2
Tercer trimestre de 2004;Región Patagónica ;7.3;43.9;2.1;40.7;3.3
Cuarto trimestre de 2012;Región Patagónica ;4.1;45.2;0.9;43.3;3.7
Primer trimestre de 2010;Región Patagónica ;7.1;44.0;1.5;40.8;3.3
Tercer trimestre de 2009;Región Patagónica ;6.7;43.9;1.8;41.0;2.9
Primer trimestre de 2004;Región Patagónica ;9.5;42.0;2.7;38.0;4.8
Primer trimestre de 2003;Región Patagónica ;12.3;42.7;2.7;37.4;5.7
Tercer trimestre de 2006 (2);Región Patagónica ;8.0;45.9;2.0;42.2;3.6
Segundo trimestre de 2007;Región Patagónica ;6.3;45.0;1.6;42.2;2.8
Tercer trimestre de 2007;Región Patagónica ;6.3;45.0;1.3;42.2;2.2
Segundo trimestre de 2010;Región Patagónica ;5.8;44.1;1.5;41.5;4.0
Primer trimestre de 2005;Región Patagónica ;7.6;42.9;1.8;39.6;3.4
Cuarto trimestre de 2005;Región Patagónica ;6.6;43.5;0.9;40.6;2.9
Segundo trimestre de 2008;Región Patagónica ;6.9;44.6;1.4;41.5;2.5
Cuarto trimestre de 2004;Región Patagónica ;6.3;43.2;1.8;40.4;3.8
Cuarto trimestre de 2006 (2);Región Patagónica ;6.4;45.5;2.0;42.6;2.9
Cuarto trimestre de 2007;Región Patagónica ;4.8;45.7;1.4;43.5;2.5
Cuarto trimestre de 2009;Región Patagónica ;6.1;44.6;1.6;41.9;3.8
Cuarto trimestre de 2011;Región Patagónica ;4.9;44.8;1.1;42.6;3.1
Segundo trimestre de 2011;Región Patagónica ;5.8;46.1;1.3;43.5;3.5
Tercer trimestre de 2012;Región Patagónica ;5.3;45.2;1.6;42.7;4.6
Tercer trimestre de 2011;Región Patagónica ;4.5;45.2;1.8;43.2;3.8
Cuarto trimestre de 2008;Región Patagónica ;5.0;46.0;0.8;43.7;2.6
Primer trimestre de 2013;Región Patagónica ;6.4;45.7;0.6;42.8;3.3
Tercer trimestre de 2003;Región Patagónica ;8.6;41.3;1.2;37.8;3.2
Cuarto trimestre de 2010;Región Patagónica ;5.3;44.3;2.0;42.0;3.2
Segundo trimestre de 2012;Región Patagónica ;5.4;45.0;1.2;42.5;4.0
Primer trimestre de 2006;Región Patagónica ;8.2;43.5;1.2;39.9;3.4
Primer trimestre de 2009;Región Patagónica ;7.2;45.9;1.4;42.6;3.0
Segundo trimestre de 2004;Chubut;NA;NA;NA;NA;NA
Cuarto trimestre de 2003;Chubut;NA;NA;NA;NA;NA
Tercer trimestre de 2010;Chubut;3.4;40.8;0.4;39.4;0.4
Segundo trimestre de 2006;Chubut;NA;NA;NA;NA;NA
Segundo trimestre de 2005;Chubut;NA;NA;NA;NA;NA
Segundo trimestre de 2003 (1);Chubut;NA;NA;NA;NA;NA
Primer trimestre de 2007;Chubut;4.1;41.8;2.0;40.1;2.6
Primer trimestre de 2011;Chubut;5.1;43.5;1.5;41.3;1.4
Tercer trimestre de 2005;Chubut;NA;NA;NA;NA;NA
Primer trimestre de 2008;Chubut;4.7;43.7;2.3;41.7;1.4
Tercer trimestre de 2008;Chubut;4.9;43.3;0.6;41.2;1.7
Primer trimestre de 2012;Chubut;3.4;44.0;0.1;42.5;2.1
Segundo trimestre de 2009;Chubut;6.2;42.2;0.9;39.5;0.6
Tercer trimestre de 2004;Chubut;NA;NA;NA;NA;NA
Cuarto trimestre de 2012;Chubut;4.2;43.8;0.5;42.0;1.9
Primer trimestre de 2010;Chubut;4.2;40.6;0.6;38.9;1.1
Tercer trimestre de 2009;Chubut;3.3;40.6;0.4;39.3;0.3
Primer trimestre de 2004;Chubut;NA;NA;NA;NA;NA
Primer trimestre de 2003;Chubut;NA;NA;NA;NA;NA
Tercer trimestre de 2006 (2);Chubut;6.6;45.4;1.1;42.4;1.9
Segundo trimestre de 2007;Chubut;5.9;43.1;1.3;40.5;2.2
Tercer trimestre de 2007;Chubut;5.6;44.1;0.9;41.6;0.6
Segundo trimestre de 2010;Chubut;4.8;40.2;0.2;38.3;0.9
Primer trimestre de 2005;Chubut;NA;NA;NA;NA;NA
Cuarto trimestre de 2005;Chubut;NA;NA;NA;NA;NA
Segundo trimestre de 2008;Chubut;5.3;45.1;0.8;42.7;1.5
Cuarto trimestre de 2004;Chubut;NA;NA;NA;NA;NA
Cuarto trimestre de 2006 (2);Chubut;5.8;43.4;1.8;40.8;2.4
Cuarto trimestre de 2007;Chubut;2.5;43.2;1.7;42.2;1.3
Cuarto trimestre de 2009;Chubut;2.7;41.1;0.3;40.0;0.2
Cuarto trimestre de 2011;Chubut;2.9;46.7;1.0;45.3;1.9
Segundo trimestre de 2011;Chubut;5.2;46.3;2.3;43.9;3.0
Tercer trimestre de 2012;Chubut;4.0;44.0;0.9;42.2;2.3
Tercer trimestre de 2011;Chubut;4.8;48.3;1.3;46.0;2.4
Cuarto trimestre de 2008;Chubut;3.7;43.0;0.6;41.4;1.1
Primer trimestre de 2013;Chubut;4.6;44.0;0.5;41.9;1.8
Tercer trimestre de 2003;Chubut;NA;NA;NA;NA;NA
Cuarto trimestre de 2010;Chubut;3.6;43.5;2.2;41.9;2.6
Segundo trimestre de 2012;Chubut;3.5;45.1;1.2;43.5;4.2
Primer trimestre de 2006;Chubut;NA;NA;NA;NA;NA
Primer trimestre de 2009;Chubut;5.6;43.1;0.6;40.7;1.3
Segundo trimestre de 2004;Neuquén;NA;NA;NA;NA;NA
Cuarto trimestre de 2003;Neuquén;NA;NA;NA;NA;NA
Tercer trimestre de 2010;Neuquén;3.9;42.2;2.7;40.6;3.7
Segundo trimestre de 2006;Neuquén;NA;NA;NA;NA;NA
Segundo trimestre de 2005;Neuquén;NA;NA;NA;NA;NA
Segundo trimestre de 2003 (1);Neuquén;NA;NA;NA;NA;NA
Primer trimestre de 2007;Neuquén;(4);(4);(4);(4);(4)
Primer trimestre de 2011;Neuquén;8.2;43.9;2.3;40.3;2.9
Tercer trimestre de 2005;Neuquén;NA;NA;NA;NA;NA
Primer trimestre de 2008;Neuquén;5.9;44.9;1.2;42.3;1.4
Tercer trimestre de 2008;Neuquén;7.8;43.4;1.3;40.0;2.8
Primer trimestre de 2012;Neuquén;7.1;44.7;2.1;41.6;3.2
Segundo trimestre de 2009;Neuquén;9.4;46.3;1.8;41.9;3.7
Tercer trimestre de 2004;Neuquén;NA;NA;NA;NA;NA
Cuarto trimestre de 2012;Neuquén;3.2;44.2;1.5;42.8;6.3
Primer trimestre de 2010;Neuquén;9.0;42.4;2.2;38.6;3.2
Tercer trimestre de 2009;Neuquén;6.7;43.2;3.9;40.3;3.2
Primer trimestre de 2004;Neuquén;NA;NA;NA;NA;NA
Primer trimestre de 2003;Neuquén;NA;NA;NA;NA;NA
Tercer trimestre de 2006 (2);Neuquén;9.4;43.9;2.5;39.8;3.7
Segundo trimestre de 2007;Neuquén;6.9;44.0;2.5;41.0;3.0
Tercer trimestre de 2007;Neuquén;7.3;43.2;0.4;40.0;1.9
Segundo trimestre de 2010;Neuquén;5.3;42.5;1.8;40.3;5.6
Primer trimestre de 2005;Neuquén;NA;NA;NA;NA;NA
Cuarto trimestre de 2005;Neuquén;NA;NA;NA;NA;NA
Segundo trimestre de 2008;Neuquén;8.7;42.7;1.5;39.0;1.8
Cuarto trimestre de 2004;Neuquén;NA;NA;NA;NA;NA
Cuarto trimestre de 2006 (2);Neuquén;(4);(4);(4);(4);(4)
Cuarto trimestre de 2007;Neuquén;5.4;45.6;1.2;43.1;3.3
Cuarto trimestre de 2009;Neuquén;6.7;43.2;2.1;40.3;2.9
Cuarto trimestre de 2011;Neuquén;7.1;42.0;1.5;39.0;4.5
Segundo trimestre de 2011;Neuquén;7.7;45.2;1.7;41.7;2.4
Tercer trimestre de 2012;Neuquén;5.3;43.6;2.8;41.3;8.4
Tercer trimestre de 2011;Neuquén;5.0;42.2;3.6;40.1;5.3
Cuarto trimestre de 2008;Neuquén;6.0;47.7;0.4;44.8;1.2
Primer trimestre de 2013;Neuquén;6.3;46.1;0.7;43.2;5.2
Tercer trimestre de 2003;Neuquén;NA;NA;NA;NA;NA
Cuarto trimestre de 2010;Neuquén;5.6;43.0;2.8;40.6;3.9
Segundo trimestre de 2012;Neuquén;5.1;43.6;1.8;41.4;5.1
Primer trimestre de 2006;Neuquén;NA;NA;NA;NA;NA
Primer trimestre de 2009;Neuquén;7.2;48.8;2.0;45.2;2.9
Segundo trimestre de 2004;Santa Cruz;NA;NA;NA;NA;NA
Cuarto trimestre de 2003;Santa Cruz;NA;NA;NA;NA;NA
Tercer trimestre de 2010;Santa Cruz;2.6;47.8;0.4;46.6;4.5
Segundo trimestre de 2006;Santa Cruz;NA;NA;NA;NA;NA
Segundo trimestre de 2005;Santa Cruz;NA;NA;NA;NA;NA
Segundo trimestre de 2003 (1);Santa Cruz;NA;NA;NA;NA;NA
Primer trimestre de 2007;Santa Cruz;1.7;44.8;0.1;44.1;1.3
Primer trimestre de 2011;Santa Cruz;2.4;46.8;0.2;45.7;1.9
Tercer trimestre de 2005;Santa Cruz;NA;NA;NA;NA;NA
Primer trimestre de 2008;Santa Cruz;2.2;46.4;0.4;45.4;1.1
Tercer trimestre de 2008;Santa Cruz;1.3;48.4;0.4;47.7;1.3
Primer trimestre de 2012;Santa Cruz;3.9;48.4;0.2;46.5;1.4
Segundo trimestre de 2009;Santa Cruz;2.7;49.6;-;48.3;1.4
Tercer trimestre de 2004;Santa Cruz;NA;NA;NA;NA;NA
Cuarto trimestre de 2012;Santa Cruz;4.1;47.9;0.7;45.9;0.9
Primer trimestre de 2010;Santa Cruz;2.6;46.6;0.5;45.4;1.5
Tercer trimestre de 2009;Santa Cruz;3.7;49.7;0.5;47.9;1.7
Primer trimestre de 2004;Santa Cruz;NA;NA;NA;NA;NA
Primer trimestre de 2003;Santa Cruz;NA;NA;NA;NA;NA
Tercer trimestre de 2006 (2);Santa Cruz;2.1;46.5;0.4;45.5;1.9
Segundo trimestre de 2007;Santa Cruz;2.8;47.3;0.4;46.0;1.3
Tercer trimestre de 2007;Santa Cruz;2.4;47.6;-;46.4;1.2
Segundo trimestre de 2010;Santa Cruz;1.4;49.5;0.7;48.8;4.8
Primer trimestre de 2005;Santa Cruz;NA;NA;NA;NA;NA
Cuarto trimestre de 2005;Santa Cruz;NA;NA;NA;NA;NA
Segundo trimestre de 2008;Santa Cruz;2.2;46.9;0.1;45.9;0.8
Cuarto trimestre de 2004;Santa Cruz;NA;NA;NA;NA;NA
Cuarto trimestre de 2006 (2);Santa Cruz;1.2;44.6;1.4;44.1;1.4
Cuarto trimestre de 2007;Santa Cruz;1.8;46.2;-;45.3;0.6
Cuarto trimestre de 2009;Santa Cruz;2.1;48.3;0.7;47.3;2.7
Cuarto trimestre de 2011;Santa Cruz;2.1;47.9;0.5;46.9;1.6
Segundo trimestre de 2011;Santa Cruz;2.2;49.2;0.6;48.2;1.6
Tercer trimestre de 2012;Santa Cruz;2.9;47.0;1.4;45.6;1.6
Tercer trimestre de 2011;Santa Cruz;2.3;48.2;0.2;47.1;1.2
Cuarto trimestre de 2008;Santa Cruz;2.3;46.5;1.1;45.4;1.1
Primer trimestre de 2013;Santa Cruz;4.3;45.1;0.4;43.2;1.3
Tercer trimestre de 2003;Santa Cruz;NA;NA;NA;NA;NA
Cuarto trimestre de 2010;Santa Cruz;2.5;46.2;1.0;45.1;2.2
Segundo trimestre de 2012;Santa Cruz;3.9;49.0;0.9;47.1;2.4
Primer trimestre de 2006;Santa Cruz;NA;NA;NA;NA;NA
Primer trimestre de 2009;Santa Cruz;2.7;48.0;0.3;46.7;1.6
Segundo trimestre de 2004;Tierra del Fuego;NA;NA;NA;NA;NA
Cuarto trimestre de 2003;Tierra del Fuego;NA;NA;NA;NA;NA
Tercer trimestre de 2010;Tierra del Fuego;6.9;44.9;0.8;41.8;2.2
Segundo trimestre de 2006;Tierra del Fuego;NA;NA;NA;NA;NA
Segundo trimestre de 2005;Tierra del Fuego;NA;NA;NA;NA;NA
Segundo trimestre de 2003 (1);Tierra del Fuego;NA;NA;NA;NA;NA
Primer trimestre de 2007;Tierra del Fuego;8.7;49.1;0.6;44.8;2.0
Primer trimestre de 2011;Tierra del Fuego;8.4;47.0;1.2;43.0;1.4
Tercer trimestre de 2005;Tierra del Fuego;NA;NA;NA;NA;NA
Primer trimestre de 2008;Tierra del Fuego;5.4;45.7;2.0;43.3;2.8
Tercer trimestre de 2008;Tierra del Fuego;6.5;46.6;1.5;43.6;1.8
Primer trimestre de 2012;Tierra del Fuego;7.5;44.4;0.7;41.1;0.9
Segundo trimestre de 2009;Tierra del Fuego;11.9;43.2;1.2;38.1;1.8
Tercer trimestre de 2004;Tierra del Fuego;NA;NA;NA;NA;NA
Cuarto trimestre de 2012;Tierra del Fuego;4.9;47.0;0.2;44.7;2.0
Primer trimestre de 2010;Tierra del Fuego;9.7;47.9;0.6;43.3;3.0
Tercer trimestre de 2009;Tierra del Fuego;9.3;44.4;0.4;40.3;2.2
Primer trimestre de 2004;Tierra del Fuego;NA;NA;NA;NA;NA
Primer trimestre de 2003;Tierra del Fuego;NA;NA;NA;NA;NA
Tercer trimestre de 2006 (2);Tierra del Fuego;8.5;49.6;2.0;45.4;2.7
Segundo trimestre de 2007;Tierra del Fuego;7.7;47.3;1.3;43.7;3.5
Tercer trimestre de 2007;Tierra del Fuego;6.0;48.2;2.6;45.3;3.3
Segundo trimestre de 2010;Tierra del Fuego;8.8;47.1;1.8;42.9;3.0
Primer trimestre de 2005;Tierra del Fuego;NA;NA;NA;NA;NA
Cuarto trimestre de 2005;Tierra del Fuego;NA;NA;NA;NA;NA
Segundo trimestre de 2008;Tierra del Fuego;6.2;45.5;2.0;42.6;2.4
Cuarto trimestre de 2004;Tierra del Fuego;NA;NA;NA;NA;NA
Cuarto trimestre de 2006 (2);Tierra del Fuego;5.2;46.9;1.3;44.5;2.3
Cuarto trimestre de 2007;Tierra del Fuego;5.6;48.6;2.7;45.9;2.7
Cuarto trimestre de 2009;Tierra del Fuego;9.1;47.5;2.0;43.2;3.8
Cuarto trimestre de 2011;Tierra del Fuego;5.0;45.6;0.9;43.3;1.5
Segundo trimestre de 2011;Tierra del Fuego;7.0;48.7;1.3;45.3;4.0
Tercer trimestre de 2012;Tierra del Fuego;7.3;47.9;0.6;44.4;2.2
Tercer trimestre de 2011;Tierra del Fuego;4.3;46.5;1.1;44.5;3.5
Cuarto trimestre de 2008;Tierra del Fuego;4.3;45.1;0.5;43.2;3.2
Primer trimestre de 2013;Tierra del Fuego;10.1;49.6;0.1;44.6;2.1
Tercer trimestre de 2003;Tierra del Fuego;NA;NA;NA;NA;NA
Cuarto trimestre de 2010;Tierra del Fuego;7.3;45.8;1.3;42.4;2.8
Segundo trimestre de 2012;Tierra del Fuego;8.2;46.2;0.6;42.4;4.0
Primer trimestre de 2006;Tierra del Fuego;NA;NA;NA;NA;NA
Primer trimestre de 2009;Tierra del Fuego;8.7;43.1;1.8;39.3;2.5
Segundo trimestre de 2004;Rawson - Trelew (3) (5) chubut;NA;NA;NA;NA;NA
Cuarto trimestre de 2003;Rawson - Trelew (3) (5) chubut;NA;NA;NA;NA;NA
Tercer trimestre de 2010;Rawson - Trelew (3) (5) chubut;7.0;43.9;1.1;40.8;6.5
Segundo trimestre de 2006;Rawson - Trelew (3) (5) chubut;NA;NA;NA;NA;NA
Segundo trimestre de 2005;Rawson - Trelew (3) (5) chubut;NA;NA;NA;NA;NA
Segundo trimestre de 2003 (1);Rawson - Trelew (3) (5) chubut;NA;NA;NA;NA;NA
Primer trimestre de 2007;Rawson - Trelew (3) (5) chubut;5.7;44.4;0.6;41.9;4.2
Primer trimestre de 2011;Rawson - Trelew (3) (5) chubut;4.4;46.1;0.2;44.1;4.1
Tercer trimestre de 2005;Rawson - Trelew (3) (5) chubut;NA;NA;NA;NA;NA
Primer trimestre de 2008;Rawson - Trelew (3) (5) chubut;8.7;44.0;0.6;40.1;3.2
Tercer trimestre de 2008;Rawson - Trelew (3) (5) chubut;6.3;45.3;0.7;42.4;4.9
Primer trimestre de 2012;Rawson - Trelew (3) (5) chubut;6.5;46.3;1.1;43.3;3.2
Segundo trimestre de 2009;Rawson - Trelew (3) (5) chubut;6.2;42.9;0.9;40.2;6.5
Tercer trimestre de 2004;Rawson - Trelew (3) (5) chubut;NA;NA;NA;NA;NA
Cuarto trimestre de 2012;Rawson - Trelew (3) (5) chubut;3.7;45.1;0.8;43.4;3.2
Primer trimestre de 2010;Rawson - Trelew (3) (5) chubut;5.8;44.8;1.8;42.2;5.4
Tercer trimestre de 2009;Rawson - Trelew (3) (5) chubut;8.4;43.6;0.1;40.0;5.3
Primer trimestre de 2004;Rawson - Trelew (3) (5) chubut;NA;NA;NA;NA;NA
Primer trimestre de 2003;Rawson - Trelew (3) (5) chubut;NA;NA;NA;NA;NA
Tercer trimestre de 2006 (2);Rawson - Trelew (3) (5) chubut;7,6 (5);44,7(5);1,0 (5);41,3 (5);6,3 (5)
Segundo trimestre de 2007;Rawson - Trelew (3) (5) chubut;6.2;45.5;0.4;42.7;2.9
Tercer trimestre de 2007;Rawson - Trelew (3) (5) chubut;8.0;44.8;1.3;41.2;3.6
Segundo trimestre de 2010;Rawson - Trelew (3) (5) chubut;7.7;45.0;2.2;41.5;4.1
Primer trimestre de 2005;Rawson - Trelew (3) (5) chubut;NA;NA;NA;NA;NA
Cuarto trimestre de 2005;Rawson - Trelew (3) (5) chubut;NA;NA;NA;NA;NA
Segundo trimestre de 2008;Rawson - Trelew (3) (5) chubut;7.7;44.2;0.8;40.8;3.9
Cuarto trimestre de 2004;Rawson - Trelew (3) (5) chubut;NA;NA;NA;NA;NA
Cuarto trimestre de 2006 (2);Rawson - Trelew (3) (5) chubut;8.8;44.1;1.8;40.2;5.6
Cuarto trimestre de 2007;Rawson - Trelew (3) (5) chubut;5.2;45.9;1.0;43.5;2.8
Cuarto trimestre de 2009;Rawson - Trelew (3) (5) chubut;5.7;44.4;0.7;41.8;7.8
Cuarto trimestre de 2011;Rawson - Trelew (3) (5) chubut;5.6;46.9;1.3;44.2;4.0
Segundo trimestre de 2011;Rawson - Trelew (3) (5) chubut;4.6;45.4;0.3;43.4;6.7
Tercer trimestre de 2012;Rawson - Trelew (3) (5) chubut;5.5;45.9;1.2;43.4;4.8
Tercer trimestre de 2011;Rawson - Trelew (3) (5) chubut;6.2;45.7;1.1;42.8;5.1
Cuarto trimestre de 2008;Rawson - Trelew (3) (5) chubut;4.1;44.9;0.3;43.1;5.5
Primer trimestre de 2013;Rawson - Trelew (3) (5) chubut;5.2;44.3;0.3;42.0;2.8
Tercer trimestre de 2003;Rawson - Trelew (3) (5) chubut;NA;NA;NA;NA;NA
Cuarto trimestre de 2010;Rawson - Trelew (3) (5) chubut;7.0;45.3;0.4;42.1;3.7
Segundo trimestre de 2012;Rawson - Trelew (3) (5) chubut;6.8;45.6;0.8;42.5;3.3
Primer trimestre de 2006;Rawson - Trelew (3) (5) chubut;NA;NA;NA;NA;NA
Primer trimestre de 2009;Rawson - Trelew (3) (5) chubut;8.3;44.2;0.3;40.6;5.7
Segundo trimestre de 2004;Río Negro;NA;NA;NA;NA;NA
Cuarto trimestre de 2003;Río Negro;NA;NA;NA;NA;NA
Tercer trimestre de 2010;Río Negro;6.7;44.9;2.9;41.9;2.1
Segundo trimestre de 2006;Río Negro;NA;NA;NA;NA;NA
Segundo trimestre de 2005;Río Negro;NA;NA;NA;NA;NA
Segundo trimestre de 2003 (1);Río Negro;NA;NA;NA;NA;NA
Primer trimestre de 2007;Río Negro;8.9;44.1;2.7;40.2;4.9
Primer trimestre de 2011;Río Negro;4.4;43.4;1.2;41.5;3.0
Tercer trimestre de 2005;Río Negro;NA;NA;NA;NA;NA
Primer trimestre de 2008;Río Negro;11.1;46.0;1.5;40.9;3.0
Tercer trimestre de 2008;Río Negro;8.8;46.5;4.7;42.4;6.2
Primer trimestre de 2012;Río Negro;7.0;41.8;0.4;38.9;2.0
Segundo trimestre de 2009;Río Negro;11.5;45.5;4.6;40.3;5.4
Tercer trimestre de 2004;Río Negro;NA;NA;NA;NA;NA
Cuarto trimestre de 2012;Río Negro;6.4;45.1;1.7;42.2;5.0
Primer trimestre de 2010;Río Negro;9.0;44.9;2.7;40.8;6.1
Tercer trimestre de 2009;Río Negro;9.8;45.1;3.9;40.7;4.6
Primer trimestre de 2004;Río Negro;NA;NA;NA;NA;NA
Primer trimestre de 2003;Río Negro;NA;NA;NA;NA;NA
Tercer trimestre de 2006 (2);Río Negro;12,5 (5);49,5 (5);5,6 (5);43,3 (5);6,0 (5)
Segundo trimestre de 2007;Río Negro;6.9;44.9;2.7;41.9;3.4
Tercer trimestre de 2007;Río Negro;6.9;45.4;4.2;42.3;3.5
Segundo trimestre de 2010;Río Negro;7.1;44.4;2.0;41.3;4.5
Primer trimestre de 2005;Río Negro;NA;NA;NA;NA;NA
Cuarto trimestre de 2005;Río Negro;NA;NA;NA;NA;NA
Segundo trimestre de 2008;Río Negro;9.9;46.7;3.7;42.1;6.5
Cuarto trimestre de 2004;Río Negro;NA;NA;NA;NA;NA
Cuarto trimestre de 2006 (2);Río Negro;7.9;46.1;2.7;42.5;4.7
Cuarto trimestre de 2007;Río Negro;8.6;45.0;1.8;41.1;3.9
Cuarto trimestre de 2009;Río Negro;10.0;47.3;4.0;42.6;7.5
Cuarto trimestre de 2011;Río Negro;3.4;43.0;1.1;41.5;3.5
Segundo trimestre de 2011;Río Negro;4.9;42.6;1.2;40.5;4.3
Tercer trimestre de 2012;Río Negro;7.4;44.9;1.1;41.6;3.1
Tercer trimestre de 2011;Río Negro;2.0;43.5;1.7;42.6;3.3
Cuarto trimestre de 2008;Río Negro;9.8;48.4;3.0;43.6;6.2
Primer trimestre de 2013;Río Negro;7.8;44.8;1.8;41.3;4.7
Tercer trimestre de 2003;Río Negro;NA;NA;NA;NA;NA
Cuarto trimestre de 2010;Río Negro;5.2;44.3;3.9;42.0;3.1
Segundo trimestre de 2012;Río Negro;5.1;41.7;1.8;39.6;2.5
Primer trimestre de 2006;Río Negro;NA;NA;NA;NA;NA
Primer trimestre de 2009;Río Negro;11.5;46.3;3.1;41.0;4.4
